param,name,side
p_100015_0_,keyBindingIn,0
p_104055_1_,force,1
p_110121_0_,str,0
p_110128_1_,entityIn,2
p_110131_1_,itemStackIn,2
p_110132_1_,iInvBasicIn,2
p_110133_1_,str,2
p_110134_1_,iInvBasicIn,2
p_110145_1_,entityIn,2
p_110148_1_,iAttributeIn,2
p_110162_1_,entityIn,2
p_110162_2_,sendAttachNotification,2
p_110199_1_,entityPlayerIn,2
p_110237_1_,entityPlayerIn,2
p_110240_1_,entityIn,2
p_110240_2_,animalChestIn,2
p_110250_1_,entityIn,2
p_110260_1_,itemStackIn,2
p_110263_1_,entityPlayerIn,2
p_110297_1_,itemStackIn,2
p_110298_1_,entityHorseIn,2
p_110298_2_,iInventoryIn,2
p_110304_0_,resourceLocationIn,0
p_110304_1_,username,0
p_110311_0_,username,0
p_110326_1_,str,0
p_110492_2_,jsonElementIn,0
p_110503_1_,str,0
p_110503_2_,jsonobj,0
p_110504_1_,iMetadataSectionSerializerIn,0
p_110504_2_,classIn,0
p_110518_1_,textureManagerIn,0
p_110526_1_,str,0
p_110536_1_,resourceLocationIn,0
p_110537_0_,resourceLocationIn,0
p_110538_1_,iResourcePackIn,0
p_110541_1_,listIn,0
p_110542_1_,iResourceManagerReloadListenerIn,0
p_110545_1_,iResourcePackIn,0
p_110549_1_,iResourceManagerIn,0
p_110551_1_,iResourceManagerIn,0
p_110571_1_,iResourceManagerIn,0
p_110572_1_,str,0
p_110577_1_,resource,0
p_110578_1_,str,0
p_110578_2_,dynamicTextureIn,0
p_110579_1_,resourceLocationIn,0
p_110579_2_,iTextureobj,0
p_110580_1_,resourceLocationIn,0
p_110580_2_,iTickableTextureobj,0
p_110581_1_,resourceLocationIn,0
p_110589_1_,resourceLocationIn,0
p_110590_1_,resourceLocationIn,0
p_110591_1_,str,0
p_110592_0_,resourceLocationIn,0
p_110593_1_,str,0
p_110594_1_,str,0
p_110595_1_,fileIn,0
p_110596_0_,iMetadataSerializerIn,0
p_110596_1_,inputStreamIn,0
p_110596_2_,str,0
p_110605_1_,resourceLocationIn,0
p_110646_0_,str,0
p_110667_1_,listIn,2
p_110668_1_,position1In,2
p_110668_14_,position2In,2
p_110668_4_,worldIn,2
p_110668_5_,rand,2
p_110669_1_,sender,2
p_110669_2_,listIn,2
p_110669_3_,positionIn,2
p_110669_8_,worldIn,2
p_110670_1_,rand,2
p_110671_1_,listIn,2
p_110671_2_,worldIn,2
p_110671_3_,positionIn,2
p_110682_1_,modelRendererIn,0
p_110775_1_,entityIn,0
p_110776_1_,resourceLocationIn,0
p_110813_1_,targetEntity,0
p_110827_1_,entityLivingIn,0
p_110848_1_,entityHorseIn,0
p_110934_1_,textureAtlasSpriteIn,0
p_110968_1_,listIn,0
p_110986_0_,iResourceManagerIn,0
p_110986_1_,resourceLocationIn,0
p_110987_1_,bufferedImageIn,0
p_110989_1_,bufferedImageIn,0
p_110993_0_,bufferedImageIn,0
p_110995_1_,bufferedImageIn,0
p_111092_1_,worldIn,2
p_111094_1_,positionIn,2
p_111097_1_,rand,2
p_111098_1_,worldIn,2
p_111099_1_,positionIn,2
p_111104_1_,rand,2
p_111117_1_,str,2
p_111121_1_,attributeModifierIn,2
p_111124_1_,attributeModifierIn,2
p_111127_1_,uUIDIn,2
p_111147_1_,multimapIn,2
p_111148_1_,multimapIn,2
p_111150_1_,iAttributeIn,2
p_111151_1_,iAttributeIn,2
p_111152_1_,str,2
p_111183_2_,attributeModifierIn,2
p_111184_1_,iAttributeIn,2
p_111184_2_,str,2
p_111185_1_,entityLivingBaseIn,2
p_111185_2_,baseAttributeMapIn,2
p_111187_1_,entityLivingBaseIn,2
p_111187_2_,baseAttributeMapIn,2
p_111196_1_,chunkIn,2
p_111206_0_,str,2
p_111207_1_,stack,2
p_111207_2_,player,2
p_111207_3_,target,2
p_111226_1_,enumEnchantmentTypeIn,0
p_111229_1_,types,2
p_111257_0_,baseAttributeMapIn,2
p_111258_0_,attributeIn,2
p_111258_1_,nbtTagIn,2
p_111259_0_,nbtTagIn,2
p_111261_0_,attributeIn,2
p_111262_0_,attributeModifierIn,2
p_111270_1_,other,2
p_111282_1_,entityPlayerIn,2
p_111282_2_,entityLivingBaseIn,2
p_120016_0_,serverIn,1
p_130002_1_,player,2
p_130011_1_,entityIn,2
p_135021_1_,inputStreamIn,0
p_135022_1_,iResourceManagerIn,0
p_135022_2_,listIn,0
p_135023_1_,str,0
p_135023_2_,obj,0
p_135026_1_,str,0
p_135028_1_,listIn,0
p_135043_1_,listIn,0
p_135045_1_,languageIn,0
p_135051_0_,localeIn,0
p_135052_0_,str,0
p_135052_1_,obj,0
p_135056_1_,resourceLocationIn,0
p_135058_1_,iMetadataSerializerIn,0
p_135058_2_,str,0
p_135063_0_,mapIn,0
p_135064_1_,str,2
p_142012_1_,teamIn,2
p_142014_1_,entityLivingBaseIn,2
p_142018_1_,entity1In,2
p_142018_2_,entity2In,2
p_142053_1_,input,2
p_142054_1_,other,2
p_143006_1_,idleTimeout,2
p_143009_1_,worldIn,2
p_143009_2_,nbtTagIn,2
p_143011_1_,nbtTagIn,2
p_143012_1_,nbtTagIn,2
p_143017_1_,nbtTagIn,2
p_143020_1_,worldIn,2
p_143020_2_,nbtTagIn,2
p_143022_1_,nbtTagIn,2
p_143026_3_,structureStartIn,2
p_143027_1_,worldIn,2
p_143031_0_,classIn,2
p_143031_1_,str,2
p_143032_0_,nbtTagIn,2
p_143032_1_,worldIn,2
p_143033_0_,structureStartIn,2
p_143034_0_,classIn,2
p_143034_1_,str,2
p_143035_0_,nbtTagIn,2
p_143035_1_,worldIn,2
p_143036_0_,structureComponentIn,2
p_143043_1_,nbtTagIn,2
p_145747_1_,message,2
p_145750_1_,iChatComponentIn,2
p_145752_1_,str,2
p_145754_1_,str,2
p_145755_1_,worldIn,2
p_145757_1_,byteBufIn,0
p_145758_1_,nbtTagIn,2
p_145759_1_,nbtTagIn,2
p_145769_1_,id,2
p_145770_1_,x,0
p_145770_3_,y,0
p_145770_5_,z,0
p_145771_1_,x,2
p_145771_3_,y,2
p_145771_5_,z,2
p_145778_1_,itemIn,2
p_145778_2_,size,2
p_145779_1_,itemIn,2
p_145779_2_,size,2
p_145797_1_,str,2
p_145799_1_,str,2
p_145826_0_,cl,2
p_145826_1_,id,2
p_145827_0_,nbt,2
p_145828_1_,reportCategory,2
p_145834_1_,worldIn,2
p_145839_1_,compound,2
p_145841_1_,compound,2
p_145842_1_,id,2
p_145842_2_,type,2
p_145857_1_,itemStackIn,2
p_145884_0_,iHopperIn,2
p_145886_1_,str,2
p_145891_0_,iHopperIn,2
p_145893_0_,worldIn,2
p_145894_0_,itemStack1In,2
p_145894_1_,itemStack2In,2
p_145897_0_,worldIn,2
p_145898_0_,iInventoryIn,2
p_145898_1_,entityItemIn,2
p_145912_1_,entityPlayerIn,2
p_145920_1_,str,2
p_145936_2_,itemStackIn,2
p_145937_1_,str,2
p_145951_1_,str,2
p_145952_0_,itemStackIn,2
p_145954_0_,itemStackIn,2
p_145964_1_,itemIn,2
p_145971_1_,entityPlayerIn,2
p_145976_1_,str,2
p_145999_1_,str,2
p_146018_1_,str,2
p_146019_1_,itemStackIn,2
p_146023_1_,blockIn,2
p_146024_1_,itemIn,0
p_146025_1_,blockIn,2
p_146026_1_,itemIn,2
p_146028_1_,itemIn,2
p_146029_1_,itemIn,2
p_146030_1_,itemIn,0
p_146031_1_,chestTileEntity,2
p_146065_1_,entityIn,2
p_146082_1_,entityPlayerIn,2
p_146085_0_,itemIn,2
p_146086_1_,itemStackIn,2
p_146094_0_,gameProfileIn,2
p_146095_1_,commandBlockLogicIn,2
p_146097_1_,itemStackIn,2
p_146099_1_,blockIn,2
p_146105_1_,iChatComponentIn,2
p_146110_0_,x,0
p_146110_1_,y,0
p_146110_2_,u,0
p_146110_3_,v,0
p_146110_4_,width,0
p_146110_5_,height,0
p_146110_6_,textureWidth,0
p_146110_7_,textureHeight,0
p_146111_1_,mouseX,0
p_146111_2_,mouseY,0
p_146112_1_,mc,0
p_146112_2_,mouseX,0
p_146112_3_,mouseY,0
p_146113_1_,soundHandlerIn,0
p_146114_1_,mouseOver,0
p_146116_1_,mc,0
p_146116_2_,mouseX,0
p_146116_3_,mouseY,0
p_146118_1_,mouseX,0
p_146118_2_,mouseY,0
p_146119_1_,mc,0
p_146119_2_,mouseX,0
p_146119_3_,mouseY,0
p_146159_1_,mc,0
p_146159_2_,mouseX,0
p_146159_3_,mouseY,0
p_146160_1_,minecraftIn,0
p_146180_1_,str,0
p_146191_1_,str,0
p_146227_1_,iChatComponentIn,0
p_146234_1_,iChatComponentIn,0
p_146237_1_,iChatComponentIn,0
p_146239_1_,str,0
p_146255_1_,achievementIn,0
p_146256_1_,achievementIn,0
p_146270_1_,tint,0
p_146273_1_,mouseX,0
p_146273_2_,mouseY,0
p_146273_3_,clickedMouseButton,0
p_146273_4_,timeSinceLastClick,0
p_146275_0_,copyText,0
p_146278_1_,tint,0
p_146279_1_,tabName,0
p_146279_2_,mouseX,0
p_146279_3_,mouseY,0
p_146280_1_,mc,0
p_146280_2_,width,0
p_146280_3_,height,0
p_146283_1_,textLines,0
p_146283_2_,x,0
p_146283_3_,y,0
p_146284_1_,button,0
p_146285_1_,itemIn,0
p_146285_2_,x,0
p_146285_3_,y,0
p_146286_1_,mouseX,0
p_146286_2_,mouseY,0
p_146286_3_,state,0
p_146317_0_,iSaveFormatIn,0
p_146317_1_,str,0
p_146318_1_,worldInfoIn,0
p_146367_1_,ip,0
p_146367_2_,port,0
p_146383_1_,str,0
p_146405_1_,str1,0
p_146405_2_,str2,0
p_146406_1_,str,0
p_146421_0_,str,0
p_146421_1_,itemIn,0
p_146421_2_,biomeGenBaseIn,0
p_146421_3_,listIn,0
p_146421_4_,flatLayerInfoIn,0
p_146425_0_,str,0
p_146425_1_,itemIn,0
p_146425_2_,biomeGenBaseIn,0
p_146425_3_,flatLayerInfoIn,0
p_146457_1_,str,0
p_146459_1_,str,0
p_146504_1_,soundCategoryIn,0
p_146521_3_,itemIn,0
p_146790_1_,index,0
p_146791_1_,server,0
p_146793_1_,str,0
p_146961_1_,resourcePackListEntryIn,0
p_146962_1_,resourcePackListEntryIn,0
p_146975_1_,x,0
p_146975_2_,y,0
p_146976_1_,partialTicks,0
p_146976_2_,mouseX,0
p_146976_3_,mouseY,0
p_146977_1_,slotIn,0
p_146978_1_,left,0
p_146978_2_,top,0
p_146978_3_,right,0
p_146978_4_,bottom,0
p_146978_5_,pointX,0
p_146978_6_,pointY,0
p_146979_1_,mouseX,0
p_146979_2_,mouseY,0
p_146981_1_,slotIn,0
p_146981_2_,mouseX,0
p_146981_3_,mouseY,0
p_146982_1_,stack,0
p_146982_2_,x,0
p_146982_3_,y,0
p_146982_4_,altText,0
p_146983_1_,keyCode,0
p_146984_1_,slotIn,0
p_146984_2_,slotId,0
p_146984_3_,clickedButton,0
p_146984_4_,clickType,0
p_147046_5_,entityLivingBaseIn,0
p_147049_1_,creativeTabsIn,0
p_147050_1_,creativeTabsIn,0
p_147051_1_,creativeTabsIn,0
p_147052_1_,creativeTabsIn,0
p_147097_1_,tileEntityIn,2
p_147100_1_,c15PacketClientSettingsIn,2
p_147108_1_,guiScreenIn,0
p_147115_1_,leftClick,0
p_147138_1_,response,2
p_147139_1_,difficulty,2
p_147149_1_,fileIn,2
p_147154_0_,str,0
p_147176_0_,sender,2
p_147176_1_,args,2
p_147176_2_,index,2
p_147178_0_,sender,2
p_147178_1_,args,2
p_147179_0_,sender,2
p_147179_1_,id,2
p_147180_0_,sender,2
p_147180_1_,id,2
p_147183_1_,name,2
p_147185_1_,sender,2
p_147185_2_,str,2
p_147186_1_,sender,2
p_147186_2_,str,2
p_147187_1_,sender,2
p_147187_2_,str,2
p_147188_1_,sender,2
p_147188_2_,str,2
p_147189_1_,name,2
p_147189_2_,edit,2
p_147190_1_,sender,2
p_147190_2_,str,2
p_147191_1_,sender,2
p_147191_2_,str,2
p_147193_1_,sender,2
p_147193_2_,args,2
p_147193_3_,index,2
p_147194_1_,sender,2
p_147194_2_,str,2
p_147195_1_,sender,2
p_147195_2_,str,2
p_147196_1_,sender,2
p_147197_1_,sender,2
p_147197_2_,str,2
p_147198_1_,sender,2
p_147198_2_,str,2
p_147199_1_,sender,2
p_147199_2_,str,2
p_147200_1_,sender,2
p_147200_2_,str,2
p_147202_2_,str,2
p_147202_3_,stringBuilderIn,2
p_147210_1_,sender,2
p_147210_2_,str,2
p_147224_1_,server,0
p_147225_1_,server,0
p_147231_1_,reason,2
p_147234_1_,packetIn,2
p_147235_1_,packetIn,2
p_147236_1_,packetIn,2
p_147237_1_,packetIn,2
p_147238_1_,packetIn,2
p_147239_1_,packetIn,2
p_147240_1_,packetIn,2
p_147241_1_,packetIn,2
p_147242_1_,packetIn,2
p_147243_1_,packetIn,2
p_147244_1_,packetIn,2
p_147245_1_,packetIn,2
p_147246_1_,packetIn,2
p_147247_1_,packetIn,2
p_147248_1_,packetIn,2
p_147249_1_,packetIn,2
p_147250_1_,packetIn,2
p_147251_1_,packetIn,2
p_147252_1_,packetIn,2
p_147253_1_,packetIn,2
p_147254_1_,packetIn,2
p_147255_1_,packetIn,2
p_147256_1_,packetIn,2
p_147257_1_,packetIn,2
p_147258_1_,packetIn,2
p_147259_1_,packetIn,2
p_147260_1_,packetIn,2
p_147261_1_,packetIn,2
p_147262_1_,packetIn,2
p_147263_1_,packetIn,2
p_147264_1_,packetIn,2
p_147265_1_,packetIn,2
p_147266_1_,packetIn,2
p_147267_1_,packetIn,2
p_147268_1_,packetIn,2
p_147269_1_,packetIn,2
p_147270_1_,packetIn,2
p_147271_1_,packetIn,2
p_147272_1_,packetIn,2
p_147273_1_,packetIn,2
p_147274_1_,packetIn,2
p_147275_1_,packetIn,2
p_147276_1_,packetIn,2
p_147277_1_,packetIn,2
p_147278_1_,packetIn,2
p_147279_1_,packetIn,2
p_147280_1_,packetIn,2
p_147281_1_,packetIn,2
p_147282_1_,packetIn,2
p_147283_1_,packetIn,2
p_147284_1_,packetIn,2
p_147285_1_,packetIn,2
p_147286_1_,packetIn,2
p_147287_1_,packetIn,2
p_147288_1_,packetIn,2
p_147289_1_,packetIn,2
p_147290_1_,packetIn,2
p_147291_1_,packetIn,2
p_147292_1_,packetIn,2
p_147293_1_,packetIn,2
p_147294_1_,packetIn,2
p_147295_1_,packetIn,2
p_147297_1_,packetIn,0
p_147311_1_,packetIn,2
p_147312_1_,packetIn,2
p_147315_1_,packetIn,2
p_147316_1_,packetIn,2
p_147322_1_,reason,2
p_147338_1_,packetIn,2
p_147339_1_,packetIn,2
p_147340_1_,packetIn,2
p_147341_1_,packetIn,2
p_147342_1_,packetIn,2
p_147343_1_,packetIn,2
p_147344_1_,packetIn,2
p_147345_1_,packetIn,2
p_147346_1_,packetIn,2
p_147347_1_,packetIn,2
p_147348_1_,packetIn,2
p_147349_1_,packetIn,2
p_147351_1_,packetIn,2
p_147352_1_,packetIn,2
p_147353_1_,packetIn,2
p_147354_1_,packetIn,2
p_147355_1_,packetIn,2
p_147356_1_,packetIn,2
p_147357_1_,packetIn,2
p_147358_1_,packetIn,2
p_147359_1_,packetIn,2
p_147360_1_,reason,2
p_147361_1_,command,2
p_147364_1_,x,2
p_147364_3_,y,2
p_147364_5_,z,2
p_147364_7_,yaw,2
p_147364_8_,pitch,2
p_147383_1_,packetIn,2
p_147388_1_,packetIn,2
p_147389_1_,packetIn,2
p_147390_1_,packetIn,2
p_147397_1_,packetIn,2
p_147398_1_,packetIn,2
p_147407_1_,icon,0
p_147413_2_,serverDataIn,0
p_147414_0_,serverDataIn,0
p_147447_1_,vec31In,2
p_147447_2_,vec32In,2
p_147448_1_,collectionIn,2
p_147457_1_,tileEntityIn,2
p_147461_1_,axisAlignedBBIn,2
p_147467_3_,chunkIn,2
p_147470_1_,axisAlignedBBIn,2
p_147485_1_,blockEventDataIn,2
p_147497_1_,tileEntityRendererDispatcherIn,0
p_147499_1_,resourceLocationIn,0
p_147517_0_,mobSpawnerBaseLogicIn,0
p_147543_1_,worldIn,0
p_147545_1_,tileEntityIn,0
p_147546_1_,classIn,0
p_147547_1_,tileEntityIn,0
p_147549_1_,tileEntityIn,0
p_147590_0_,axisAlignedBBIn,0
p_147634_1_,resourceLocationIn,0
p_147641_1_,bufferedImageIn,0
p_147645_1_,resourceLocationIn,0
p_147647_1_,str,0
p_147673_0_,soundResource,0
p_147674_0_,soundResource,0
p_147674_1_,pitch,0
p_147675_0_,soundResource,0
p_147675_1_,xPosition,0
p_147675_2_,yPosition,0
p_147675_3_,zPosition,0
p_147680_1_,resourceLocationIn,0
p_147681_1_,iSoundIn,0
p_147682_1_,iSoundIn,0
p_147683_1_,iSoundIn,0
p_147684_1_,soundCategoryIn,0
p_147686_1_,soundCategoryIn,0
p_147691_1_,entityPlayerIn,0
p_147692_1_,iSoundIn,0
p_147693_1_,resourceLocationIn,0
p_147693_2_,soundListIn,0
p_147906_1_,entityIn,0
p_147906_2_,str,0
p_147914_1_,entityItemFrameIn,0
p_147936_1_,entityIn,0
p_147937_1_,entityIn,0
p_147939_1_,entityIn,0
p_147940_1_,entityIn,0
p_147984_1_,str,0
p_147987_1_,jsonElementIn,0
p_147991_1_,str,0
p_147992_1_,str,0
p_147992_2_,obj,0
p_147996_1_,jsonElementIn,0
p_148017_1_,str,0
p_148020_1_,str,0
p_148023_1_,str,0
p_148023_2_,framebuffer1In,0
p_148023_3_,framebuffer2In,0
p_148027_1_,jsonElementIn,0
p_148028_1_,jsonElementIn,0
p_148041_1_,str,0
p_148041_2_,obj,0
p_148045_1_,matrix4fIn,0
p_148054_1_,manager,0
p_148056_1_,manager,0
p_148057_0_,resourceManager,0
p_148057_1_,type,0
p_148057_2_,filename,0
p_148075_1_,manager,0
p_148077_1_,shaderManagerIn,0
p_148085_0_,str,0
p_148088_1_,matrix4fIn,0
p_148107_0_,str,0
p_148108_0_,str,0
p_148110_0_,jsonobj,0
p_148129_3_,tessellatorIn,0
p_148147_1_,guiButtonIn,0
p_148182_1_,minecraftIn,0
p_148182_4_,optionsIn,0
p_148194_1_,listIn,0
p_148195_1_,serverListIn,0
p_148209_1_,statBaseIn,0
p_148213_1_,statCraftingIn,0
p_148225_3_,itemStackIn,0
p_148246_1_,mapDataIn,0
p_148248_1_,mapDataIn,0
p_148250_1_,mapDataIn,0
p_148259_0_,fileIn,0
p_148259_1_,str,0
p_148259_4_,framebufferIn,0
p_148260_0_,fileIn,0
p_148260_3_,framebufferIn,0
p_148527_1_,listIn,0
p_148537_1_,packetIn,2
p_148537_2_,dimension,2
p_148539_1_,component,2
p_148540_1_,packetIn,2
p_148541_1_,x,2
p_148541_10_,packetIn,2
p_148541_3_,y,2
p_148541_5_,z,2
p_148541_7_,radius,2
p_148541_9_,dimension,2
p_148542_1_,address,2
p_148542_2_,profile,2
p_148543_1_,entityPlayerIn,2
p_148543_10_,dimension,2
p_148543_11_,packetIn,2
p_148543_2_,x,2
p_148543_4_,y,2
p_148543_6_,z,2
p_148543_8_,radius,2
p_148544_1_,component,2
p_148544_2_,isChat,2
p_148545_1_,profile,2
p_148561_1_,str,0
p_148562_1_,soundTypeIn,0
p_148571_1_,soundCategoryIn,0
p_148580_0_,str,0
p_148594_1_,iSoundIn,0
p_148594_2_,soundPoolEntryIn,0
p_148594_3_,soundCategoryIn,0
p_148595_1_,soundCategoryIn,0
p_148597_1_,iSoundIn,0
p_148599_1_,iSoundIn,0
p_148601_1_,soundCategoryIn,0
p_148602_1_,iSoundIn,0
p_148606_1_,iSoundIn,0
p_148606_2_,soundPoolEntryIn,0
p_148611_1_,iSoundIn,0
p_148612_0_,resourceLocationIn,0
p_148615_1_,entityPlayerIn,0
p_148727_1_,iSoundEventAccessorIn,0
p_148741_1_,obj,2
p_148746_1_,obj,2
p_148747_1_,obj,2
p_148757_1_,obj,2
p_148762_1_,soundEventAccessorCompositeIn,0
p_148833_1_,handler,2
p_148837_1_,data,2
p_148840_1_,data,2
p_149065_1_,worldIn,0
p_149091_1_,worldIn,0
p_149102_1_,isFlying,2
p_149104_1_,flySpeedIn,2
p_149108_1_,isInvulnerable,2
p_149109_1_,isAllowFlying,2
p_149110_1_,walkSpeedIn,2
p_149111_1_,isCreativeMode,2
p_149161_1_,worldIn,0
p_149299_1_,privateKeyIn,2
p_149300_1_,key,2
p_149381_1_,worldIn,0
p_149483_1_,isFlying,2
p_149485_1_,flySpeedIn,2
p_149490_1_,isInvulnerable,2
p_149491_1_,isAllowFlying,2
p_149492_1_,walkSpeedIn,2
p_149493_1_,isCreativeMode,2
p_149564_1_,worldIn,2
p_149634_0_,itemIn,2
p_149638_1_,exploder,2
p_149647_1_,tab,2
p_149654_1_,point,2
p_149659_1_,explosionIn,2
p_149661_1_,point,2
p_149663_1_,name,2
p_149666_1_,itemIn,0
p_149666_2_,tab,0
p_149666_3_,list,0
p_149667_1_,other,2
p_149672_1_,sound,2
p_149675_1_,shouldTick,2
p_149676_1_,minX,2
p_149676_2_,minY,2
p_149676_3_,minZ,2
p_149676_4_,maxX,2
p_149676_5_,maxY,2
p_149676_6_,maxZ,2
p_149679_1_,maxBonus,2
p_149679_2_,random,2
p_149680_0_,blockIn,2
p_149680_1_,other,2
p_149682_0_,blockIn,2
p_149684_0_,name,2
p_149687_1_,point,2
p_149711_1_,hardness,2
p_149713_1_,opacity,2
p_149715_1_,value,2
p_149729_0_,id,2
p_149738_1_,worldIn,2
p_149745_1_,random,2
p_149752_1_,resistance,2
p_149829_1_,entityFallingBlockIn,2
p_149854_1_,ground,2
p_149907_1_,blockIn,2
p_149908_1_,blockIn,2
p_149909_0_,blockIn,2
p_149915_1_,worldIn,2
p_149915_2_,meta,2
p_149928_1_,blockIn,2
p_149937_0_,meta,2
p_149939_0_,coords,2
p_149940_1_,itemStackIn,2
p_150003_0_,blockIn,0
p_150089_1_,meta,2
p_150093_1_,blockIn,2
p_150098_1_,blockIn,2
p_150119_0_,blockIn,2
p_150148_0_,blockIn,2
p_150209_1_,hoverEventIn,2
p_150217_1_,booleanIn,2
p_150221_1_,chatStyleIn,2
p_150225_1_,booleanIn,2
p_150227_1_,booleanIn,2
p_150228_1_,booleanIn,2
p_150237_1_,booleanIn,2
p_150238_1_,colorIn,2
p_150241_1_,clickEventIn,2
p_150255_1_,style,2
p_150257_1_,component,2
p_150258_1_,text,2
p_150262_0_,components,2
p_150269_1_,format,2
p_150272_1_,index,2
p_150284_0_,id,2
p_150295_1_,key,2
p_150295_2_,type,2
p_150297_1_,key,2
p_150297_2_,type,2
p_150298_0_,name,2
p_150298_1_,data,2
p_150298_2_,output,2
p_150299_1_,key,2
p_150304_1_,i,2
p_150304_2_,nBTBaseIn,2
p_150305_1_,i,2
p_150306_1_,i,2
p_150307_1_,i,2
p_150308_1_,i,2
p_150309_1_,i,2
p_150310_0_,str,2
p_150311_0_,str,2
p_150312_0_,str,2
p_150313_0_,str,2
p_150314_0_,str,2
p_150316_0_,str1,2
p_150316_1_,str2,2
p_150502_1_,byteBufIn,2
p_150503_1_,ctx,2
p_150503_2_,buffer,2
p_150504_1_,byteBuf1In,2
p_150504_2_,byteBuf2In,2
p_150513_1_,biomeGenBaseIn,2
p_150523_1_,blockIn,2
p_150526_1_,worldIn,2
p_150533_1_,rand,2
p_150541_1_,worldIn,2
p_150541_6_,rand,2
p_150567_1_,rand,2
p_150569_1_,biomeGenBaseIn,2
p_150570_1_,heightIn,2
p_150633_1_,biomeGenBaseIn,2
p_150645_1_,railIn,2
p_150649_1_,railIn,2
p_150653_1_,railIn,2
p_150663_0_,nBTBaseIn,2
p_150663_1_,dataOutputIn,2
p_150672_0_,str,2
p_150684_0_,str,2
p_150695_1_,style,2
p_150695_2_,object,2
p_150695_3_,ctx,2
p_150696_0_,component,2
p_150699_0_,json,2
p_150708_1_,rand,2
p_150718_1_,message,2
p_150719_1_,handler,2
p_150722_0_,socketAddressIn,0
p_150723_1_,newState,2
p_150726_0_,inetAddressIn,0
p_150727_1_,key,2
p_150732_1_,inPacket,2
p_150732_2_,futureListeners,2
p_150752_0_,packetIn,2
p_150760_0_,stateId,2
p_150786_1_,nbt,2
p_150787_1_,input,2
p_150788_1_,stack,2
p_150789_1_,maxLength,2
p_150790_0_,input,2
p_150813_1_,tileEntityIn,2
p_150826_0_,str,2
p_150857_1_,blockIn,2
p_150869_0_,sender,2
p_150869_1_,str,2
p_150870_1_,statBaseIn,2
p_150871_1_,entityPlayerIn,2
p_150871_2_,statBaseIn,2
p_150872_1_,statBaseIn,2
p_150872_2_,iJsonSerializableIn,2
p_150873_1_,entityPlayerIn,2
p_150873_2_,statBaseIn,2
p_150874_1_,achievementIn,0
p_150876_1_,entityPlayerMPIn,2
p_150880_0_,mapIn,2
p_150881_1_,str,2
p_150884_1_,entityPlayerMPIn,2
p_150891_0_,itemIn,2
p_150892_1_,itemStackIn,2
p_150893_1_,itemStackIn,2
p_150893_2_,blockIn,2
p_150895_1_,itemIn,0
p_150895_2_,creativeTabsIn,0
p_150895_3_,listIn,0
p_150896_1_,itemStackIn,2
p_150897_1_,blockIn,2
p_150898_0_,blockIn,2
p_150902_0_,nbtTagIn,0
p_150902_1_,listIn,0
p_150903_0_,itemStackIn,0
p_150903_1_,str,0
p_150905_1_,itemStackIn,2
p_150906_1_,itemStackIn,2
p_150910_1_,itemStackIn,2
p_150910_2_,entityPlayerIn,2
p_150910_3_,itemIn,2
p_150911_1_,itemStackIn,2
p_150911_2_,worldIn,2
p_150911_3_,entityPlayerIn,2
p_150912_1_,worldIn,0
p_150926_0_,str,0
p_150930_0_,nbtTagIn,2
p_150943_1_,str,2
p_150953_1_,classIn,2
p_150978_0_,itemStackIn,2
p_150996_1_,itemIn,2
p_150997_1_,blockIn,2
p_150998_1_,blockIn,2
p_151001_1_,str,2
p_151176_0_,entityEggInfoIn,2
p_151177_0_,str,2
p_151180_0_,statBaseIn,2
p_151180_1_,block1In,2
p_151180_2_,block2In,2
p_151182_0_,entityEggInfoIn,2
p_151190_1_,iJsonSerializableIn,2
p_151200_0_,jsonobj,2
p_151200_1_,str,2
p_151201_0_,jsonobj,0
p_151201_1_,str,0
p_151202_0_,jsonobj,2
p_151202_1_,str,2
p_151203_0_,jsonobj,2
p_151203_1_,str,2
p_151204_0_,jsonobj,2
p_151204_1_,str,2
p_151205_0_,jsonobj,0
p_151205_1_,str,0
p_151206_0_,jsonElementIn,2
p_151206_1_,str,2
p_151207_0_,jsonElementIn,2
p_151207_1_,str,2
p_151208_0_,jsonobj,2
p_151208_1_,str,2
p_151209_0_,jsonobj,2
p_151209_1_,str,2
p_151210_0_,jsonElementIn,2
p_151210_1_,str,2
p_151211_0_,jsonElementIn,0
p_151212_0_,jsonobj,0
p_151212_1_,str,0
p_151213_0_,jsonobj,0
p_151213_1_,str,0
p_151213_2_,jsonArrayIn,0
p_151214_0_,jsonobj,2
p_151214_1_,str,2
p_151215_0_,jsonElementIn,2
p_151215_1_,str,2
p_151216_0_,jsonElementIn,2
p_151216_1_,str,2
p_151217_0_,jsonobj,0
p_151217_1_,str,0
p_151218_0_,jsonobj1,0
p_151218_1_,str,0
p_151218_2_,jsonobj2,0
p_151219_0_,jsonobj,0
p_151219_1_,str1,0
p_151219_2_,str2,0
p_151220_0_,jsonElementIn,2
p_151220_1_,str,2
p_151221_0_,jsonobj,2
p_151221_1_,str,2
p_151222_0_,jsonElementIn,2
p_151225_0_,url,2
p_151225_1_,content,2
p_151225_2_,skipLoggingErrors,2
p_151226_0_,url,2
p_151226_1_,data,2
p_151226_2_,skipLoggingErrors,2
p_151229_1_,keyIn,2
p_151232_1_,obj,2
p_151240_0_,rand,2
p_151246_0_,str,2
p_151247_1_,entityIn,2
p_151247_2_,packetIn,2
p_151248_1_,entityIn,2
p_151248_2_,packetIn,2
p_151251_1_,packetIn,2
p_151252_1_,tileEntityIn,2
p_151255_1_,string,2
p_151256_1_,ctx,2
p_151256_2_,data,2
p_151259_1_,packetIn,2
p_151261_1_,packetIn,2
p_151265_1_,address,2
p_151265_2_,port,2
p_151315_1_,motd,2
p_151319_1_,countData,2
p_151320_1_,faviconBlob,2
p_151321_1_,protocolVersionData,2
p_151330_1_,playersIn,2
p_151367_1_,entityLivingBaseIn,2
p_151367_2_,entityIn,2
p_151368_1_,entityLivingBaseIn,2
p_151368_2_,entityIn,2
p_151373_1_,str,0
p_151379_0_,exceptionIn,0
p_151380_1_,str,0
p_151381_1_,str,0
p_151384_0_,entityLivingBaseIn,2
p_151384_1_,entityIn,2
p_151385_0_,entityLivingBaseIn,2
p_151385_1_,entityIn,2
p_151386_0_,entityLivingBaseIn,2
p_151387_0_,entityLivingBaseIn,2
p_151390_0_,packetBufferIn,0
p_151391_1_,packetBufferIn,2
p_151392_2_,str,2
p_151393_1_,blockIn,2
p_151393_2_,itemStackIn,2
p_151394_1_,itemStack1In,2
p_151394_2_,itemStack2In,2
p_151395_1_,itemStackIn,2
p_151396_1_,itemIn,2
p_151396_2_,itemStackIn,2
p_151397_1_,itemStack1In,2
p_151397_2_,itemStack2In,2
p_151398_1_,itemStackIn,2
p_151438_1_,soundCategoryIn,0
p_151439_1_,soundCategoryIn,0
p_151440_1_,keyBindingIn,0
p_151462_1_,keyCode,0
p_151475_0_,baseAttributeMapIn,2
p_151475_1_,nBTTagListIn,2
p_151498_1_,blockIn,2
p_151507_0_,listIn,2
p_151507_1_,packetBufferIn,2
p_151508_0_,packetBufferIn,2
p_151509_1_,packetBufferIn,2
p_151510_0_,packetBufferIn,2
p_151510_1_,watchableobj,2
p_151519_1_,entityLivingBaseIn,2
p_151555_1_,blockIn,2
p_151559_1_,rand,2
p_151560_1_,rand,2
p_151616_0_,biomeIDA,2
p_151616_1_,biomeIDB,2
p_151686_1_,itemFoodIn,2
p_151686_2_,itemStackIn,2
p_152106_1_,gameProfileIn,2
p_152114_1_,entityLivingBaseIn,2
p_152115_1_,str,2
p_152120_1_,str,2
p_152125_0_,x,0
p_152125_1_,y,0
p_152125_2_,u,0
p_152125_3_,v,0
p_152125_4_,uWidth,0
p_152125_5_,vHeight,0
p_152125_6_,width,0
p_152125_7_,height,0
p_152125_8_,tileWidth,0
p_152125_9_,tileHeight,0
p_152129_0_,guiYesNoCallbackIn,0
p_152129_1_,str,0
p_152320_1_,str,0
p_152328_0_,set1In,0
p_152328_1_,set2In,0
p_152328_2_,iStreamIn,0
p_152329_0_,chatUserModeIn,0
p_152329_1_,str,0
p_152330_0_,chatUserSubscriptionIn,0
p_152330_1_,str,0
p_152339_1_,entityIn,2
p_152340_1_,imageStream,0
p_152343_1_,callableToSchedule,0
p_152344_1_,runnableToSchedule,2
p_152361_1_,configManager,2
p_152372_1_,sender,2
p_152372_2_,command,2
p_152372_4_,msgFormat,2
p_152372_5_,msgParams,2
p_152373_0_,sender,2
p_152373_1_,command,2
p_152373_2_,msgFormat,2
p_152373_3_,msgParams,2
p_152374_0_,sender,2
p_152374_1_,command,2
p_152374_3_,msgFormat,2
p_152374_4_,msgParams,2
p_152376_2_,enumCreatureAttributeIn,2
p_152377_0_,itemStackIn,2
p_152377_1_,enumCreatureAttributeIn,2
p_152378_1_,uuid,2
p_152421_0_,str,0
p_152446_1_,input,2
p_152446_2_,depth,2
p_152446_3_,sizeTracker,2
p_152447_0_,input,2
p_152447_1_,sizeTracker,2
p_152448_0_,input,2
p_152448_1_,sizeTracker,2
p_152449_0_,id,2
p_152449_1_,key,2
p_152449_2_,input,2
p_152449_3_,depth,2
p_152449_4_,sizeTracker,2
p_152450_1_,size,2
p_152455_0_,dataInputIn,2
p_152455_2_,nBTSizeTrackerIn,2
p_152456_0_,dataInputIn,2
p_152456_1_,nBTSizeTrackerIn,2
p_152459_0_,compound,2
p_152506_1_,original,2
p_152583_1_,serverDataIn,0
p_152584_1_,mode,0
p_152596_1_,profile,2
p_152597_1_,profile,2
p_152601_1_,profile,2
p_152602_1_,player,2
p_152604_1_,gameTypeIn,0
p_152605_1_,profile,2
p_152607_1_,profile,2
p_152610_1_,profile,2
p_152611_1_,distance,2
p_152612_1_,username,2
p_152641_1_,data,2
p_152643_0_,jsonobj,2
p_152646_0_,jsonobj,2
p_152647_0_,jsonobj,2
p_152648_0_,jsonobj,2
p_152649_1_,gameProfileIn,2
p_152650_0_,minecraftServerIn,2
p_152650_1_,str,2
p_152651_1_,gameProfileIn,2
p_152651_2_,dateIn,2
p_152652_1_,uUIDIn,2
p_152653_1_,uUIDIn,2
p_152655_1_,str,2
p_152675_1_,jsonElementIn,2
p_152675_2_,typeIn,2
p_152675_3_,jsonDeserializationContextIn,2
p_152676_1_,profileEntryIn,2
p_152676_2_,typeIn,2
p_152676_3_,jsonSerializationContextIn,2
p_152681_1_,obj,2
p_152682_1_,entryData,2
p_152683_1_,obj,2
p_152684_1_,obj,2
p_152686_1_,state,2
p_152687_1_,entry,2
p_152692_1_,entry,2
p_152699_1_,gameProfileIn,2
p_152700_1_,str,2
p_152701_1_,profile,2
p_152702_1_,profile,2
p_152703_1_,username,2
p_152704_1_,gameProfileIn,2
p_152705_1_,gameProfileIn,1
p_152706_1_,str,2
p_152707_1_,address,2
p_152708_1_,address,2
p_152709_1_,address,2
p_152710_0_,server,1
p_152711_0_,dir,1
p_152712_0_,properties,1
p_152713_0_,input,1
p_152713_1_,defaultValue,1
p_152714_0_,properties,1
p_152715_0_,properties,1
p_152717_0_,server,2
p_152717_1_,names,2
p_152717_2_,callback,2
p_152718_0_,server,1
p_152719_0_,str,2
p_152721_0_,inFile,1
p_152721_1_,read,1
p_152722_0_,server,1
p_152723_0_,server,1
p_152723_1_,propertyManagerIn,1
p_152724_0_,server,1
p_152725_0_,properties,1
p_152727_0_,convertedFile,1
p_152733_1_,str,2
p_152743_1_,fileIn,1
p_152743_2_,str1,1
p_152743_3_,str2,1
p_152744_1_,gameProfileIn,1
p_152750_1_,jsonElementIn,2
p_152750_2_,typeIn,2
p_152750_3_,jsonDeserializationContextIn,2
p_152751_1_,userListEntryIn,2
p_152751_2_,typeIn,2
p_152751_3_,jsonSerializationContextIn,2
p_152753_1_,jsonElementIn,2
p_152754_0_,base,0
p_152754_1_,key,0
p_152755_0_,url,0
p_152757_1_,obj,0
p_152764_1_,textureManagerIn,0
p_152764_2_,jsonElementIn,0
p_152765_1_,textureManagerIn,0
p_152765_2_,resourceLocationIn,0
p_152767_1_,str,2
p_152767_2_,obj,2
p_152768_1_,str,2
p_152768_2_,obj,2
p_152780_1_,resourceLocationIn,0
p_152786_1_,gameProfileIn,0
p_152788_1_,gameProfileIn,0
p_152789_1_,minecraftProfileTextureIn,0
p_152789_2_,textureTypeIn,0
p_152789_3_,skinAvailableCallbackIn,0
p_152790_1_,gameProfileIn,0
p_152790_2_,skinAvailableCallbackIn,0
p_152792_1_,minecraftProfileTextureIn,0
p_152792_2_,textureTypeIn,0
p_152807_1_,str,0
p_152808_1_,str1,0
p_152808_2_,str2,0
p_152818_1_,str,0
p_152818_2_,authTokenIn,0
p_152820_1_,str,0
p_152824_1_,ingestServerIn,0
p_152827_1_,broadcastStateIn,0
p_152828_1_,str1,0
p_152828_2_,str2,0
p_152828_3_,str3,0
p_152832_1_,str,0
p_152836_1_,videoParamsIn,0
p_152840_1_,str1,0
p_152840_4_,str2,0
p_152840_5_,str3,0
p_152841_1_,broadcastListenerIn,0
p_152842_1_,str,0
p_152846_1_,frameBufferIn,0
p_152853_1_,errorCodeIn,0
p_152859_1_,frameBufferIn,0
p_152891_1_,broadcastStateIn,0
p_152892_1_,errorCodeIn,0
p_152893_1_,errorCodeIn,0
p_152894_1_,streamInfoIn,0
p_152896_1_,ingestListIn,0
p_152897_1_,errorCodeIn,0
p_152898_1_,errorCodeIn,0
p_152898_2_,gameInfoIn,0
p_152900_1_,errorCodeIn,0
p_152900_2_,authTokenIn,0
p_152907_1_,ingestServerTesterIn,0
p_152907_2_,ingestTestStateIn,0
p_152911_1_,metadataIn,0
p_152917_1_,str,0
p_152926_1_,str,0
p_152984_1_,str,0
p_152986_1_,str,0
p_152990_1_,chatListenerIn,0
p_152994_1_,authTokenIn,0
p_152995_1_,str,0
p_152998_1_,str,0
p_153029_1_,ingestServerIn,0
p_153034_1_,ingestTestStateIn,0
p_153035_1_,ingestServerIn,0
p_153036_1_,ingestServerIn,0
p_153042_1_,listener,0
p_153159_1_,floatBufferIn,0
p_153160_2_,floatBufferIn,0
p_153162_1_,intBufferIn,0
p_153164_1_,charSequenceIn,0
p_153168_1_,floatBufferIn,0
p_153169_1_,byteBufferIn,0
p_153173_2_,floatBufferIn,0
p_153177_1_,floatBufferIn,0
p_153181_1_,intBufferIn,0
p_153182_1_,intBufferIn,0
p_153189_2_,floatBufferIn,0
p_153191_1_,floatBufferIn,0
p_153192_1_,intBufferIn,0
p_153194_1_,charSequenceIn,0
p_154311_1_,str,0
p_154319_1_,str,0
p_154322_1_,str,0
p_154323_1_,str,0
p_154325_1_,str,0
p_154326_1_,str,0
p_154327_1_,realmsButtonIn,0
p_154328_1_,realmsButtonIn,0
p_154334_1_,str,0
p_154335_1_,str,0
p_154347_1_,inFile,1
p_164247_1_,jTextAreaIn,1
p_164247_2_,jScrollPaneIn,1
p_164247_3_,str,1
p_174794_1_,statsTypeIn,2
p_174809_1_,axisAlignedBBIn,2
p_174815_1_,entityLivingBaseIn,2
p_174815_2_,entityIn,2
p_174816_1_,explosionIn,2
p_174816_2_,worldIn,2
p_174816_3_,posIn,2
p_174816_4_,iBlockStateIn,2
p_174817_1_,entityIn,2
p_174818_1_,posIn,2
p_174820_2_,itemStackIn,2
p_174825_1_,entityPlayerIn,2
p_174825_2_,vec3In,2
p_174826_1_,axisAlignedBBIn,2
p_174827_1_,entityPlayerMPIn,2
p_174828_1_,posIn,2
p_174831_1_,posIn,2
p_174834_1_,nbtTagIn,0
p_174846_1_,posIn,0
p_174859_1_,enumFacingIn,2
p_174862_0_,worldIn,2
p_174862_1_,posIn,2
p_174863_0_,worldIn,2
p_174863_1_,posIn,2
p_174864_1_,itemStackIn,2
p_174876_1_,inventoryPlayerIn,2
p_174876_2_,entityPlayerIn,2
p_174878_1_,posIn,2
p_174882_1_,entityPlayerIn,2
p_174884_0_,gameProfileIn,2
p_174886_1_,entityPlayerIn,2
p_174889_1_,entityPlayerIn,2
p_174892_1_,lockCodeIn,2
p_174894_1_,itemStackIn,2
p_174899_1_,iBlockStateIn,2
p_174903_0_,iInventoryIn,0
p_174904_1_,itemStackIn,2
p_174910_1_,tileEntityChestIn,2
p_174910_2_,enumFacingIn,2
p_174911_1_,enumFacingIn,2
p_174912_1_,posIn,2
p_174915_0_,iHopperIn,2
p_174915_1_,iInventoryIn,2
p_174915_3_,enumFacingIn,2
p_174916_0_,iInventoryIn,2
p_174916_1_,itemStackIn,2
p_174916_3_,enumFacingIn,2
p_174917_0_,iInventoryIn,2
p_174917_1_,enumFacingIn,2
p_174918_0_,iInventoryIn,2
p_174918_1_,itemStackIn,2
p_174918_2_,enumFacingIn,2
p_174919_1_,iInventoryIn,2
p_174919_2_,enumFacingIn,2
p_174920_0_,iInventoryIn,2
p_174920_1_,itemStackIn,2
p_174920_3_,enumFacingIn,2
p_174921_0_,iInventoryIn,2
p_174921_1_,itemStackIn,2
p_174921_3_,enumFacingIn,2
p_174925_1_,itemIn,2
p_174925_4_,nbtTagIn,2
p_174942_1_,resourceLocationIn,0
p_174943_1_,iResourceManagerIn,0
p_174943_2_,iIconCreatorIn,0
p_174953_1_,modelResourceLocationIn,0
p_174959_1_,posIn,2
p_174960_1_,posIn,2
p_174961_1_,str,2
p_174961_2_,posIn,2
p_174962_1_,entityIn,0
p_174965_1_,iteratorIn,0
p_174968_1_,worldRendererIn,0
p_174970_1_,entityIn,0
p_174970_4_,iCameraIn,0
p_174972_1_,enumParticleTypesIn,0
p_174973_1_,pos1In,0
p_174973_2_,pos2In,0
p_174973_3_,enumFacingIn,0
p_174977_1_,enumWorldBlockLayerIn,0
p_174977_5_,entityIn,0
p_174978_1_,posIn,0
p_174981_1_,tessellatorIn,0
p_174981_2_,worldRendererIn,0
p_174981_3_,entityIn,0
p_174982_1_,enumWorldBlockLayerIn,0
p_174983_1_,posIn,0
p_174983_2_,renderChunkIn,0
p_175016_1_,iBlockStateIn,0
p_175017_1_,iBlockStateIn,0
p_175017_2_,posIn,0
p_175018_1_,iBlockStateIn,0
p_175018_2_,posIn,0
p_175018_3_,iBlockAccessIn,0
p_175018_4_,worldRendererIn,0
p_175020_1_,iBlockStateIn,0
p_175020_2_,posIn,0
p_175020_3_,textureAtlasSpriteIn,0
p_175020_4_,iBlockAccessIn,0
p_175021_1_,blockIn,0
p_175022_1_,iBlockStateIn,0
p_175022_2_,iBlockAccessIn,0
p_175022_3_,posIn,0
p_175029_1_,blockIn,0
p_175029_3_,str,0
p_175030_1_,fontRendererIn,0
p_175030_2_,itemStackIn,0
p_175031_1_,blockIn,0
p_175031_2_,str,0
p_175032_1_,worldRendererIn,0
p_175032_2_,listIn,0
p_175032_4_,itemStackIn,0
p_175033_1_,worldRendererIn,0
p_175033_2_,bakedQuadIn,0
p_175034_1_,itemTransformVec3fIn,0
p_175035_1_,iBakedModelIn,0
p_175036_1_,iBakedModelIn,0
p_175036_2_,itemStackIn,0
p_175038_1_,worldRendererIn,0
p_175038_2_,bakedQuadIn,0
p_175040_1_,itemStackIn,0
p_175040_2_,iBakedModelIn,0
p_175040_3_,itemCameraTransformTypeIn,0
p_175042_1_,itemStackIn,0
p_175043_1_,itemStackIn,0
p_175044_1_,worldRendererIn,0
p_175045_1_,iBakedModelIn,0
p_175045_3_,itemStackIn,0
p_175046_1_,itemStackIn,0
p_175047_1_,itemIn,0
p_175047_2_,str,0
p_175048_1_,itemIn,0
p_175048_3_,str,0
p_175049_1_,itemStackIn,0
p_175049_2_,entityLivingBaseIn,0
p_175049_3_,itemCameraTransformTypeIn,0
p_175050_1_,itemStackIn,0
p_175063_1_,str,0
p_175065_1_,str,0
p_175066_1_,entityIn,0
p_175069_1_,resourceLocationIn,0
p_175085_1_,inputStreamIn,0
p_175086_1_,c19PacketResourcePackStatusIn,2
p_175087_1_,c0APacketAnimationIn,2
p_175088_1_,c18PacketSpectateIn,2
p_175089_9_,setIn,2
p_175093_1_,s44PacketWorldBorderIn,2
p_175094_1_,s43PacketCameraIn,2
p_175095_1_,s48PacketResourcePackSendIn,2
p_175097_1_,s49PacketUpdateEntityNBTIn,2
p_175098_1_,s42PacketCombatEventIn,2
p_175099_1_,s45PacketTitleIn,2
p_175100_1_,s46PacketSetCompressionLevelIn,2
p_175101_1_,s41PacketServerDifficultyIn,2
p_175102_1_,uUIDIn,0
p_175104_1_,str,0
p_175108_1_,worldIn,2
p_175108_2_,posIn,2
p_175111_0_,itemStackIn,2
p_175112_1_,itemStackIn,2
p_175113_0_,itemStackIn,2
p_175117_0_,itemStackIn,2
p_175137_1_,entityIn,2
p_175139_1_,enumFacingIn,2
p_175141_1_,tileEntitySignIn,2
p_175145_1_,statBaseIn,2
p_175146_1_,lockCodeIn,2
p_175147_0_,str,2
p_175148_1_,enumPlayerModelPartsIn,0
p_175151_1_,posIn,2
p_175151_2_,enumFacingIn,2
p_175151_3_,itemStackIn,2
p_175158_1_,str,0
p_175162_1_,posIn,0
p_175173_1_,containerIn,2
p_175173_2_,iInventoryIn,2
p_175175_3_,textureAtlasSpriteIn,0
p_175176_1_,scaledResolutionIn,0
p_175178_1_,str,0
p_175182_1_,scaledResolutionIn,0
p_175184_5_,entityPlayerIn,0
p_175185_1_,scaledResolutionIn,0
p_175186_1_,scaledResolutionIn,0
p_175188_1_,iChatComponentIn,0
p_175202_1_,str,0
p_175205_1_,predicateIn,0
p_175237_1_,scaledResolutionIn,0
p_175641_1_,pos,2
p_175641_2_,blockIn,2
p_175641_3_,eventID,2
p_175641_4_,eventParam,2
p_175726_1_,pos,2
p_176196_1_,worldIn,2
p_176196_2_,pos,2
p_176198_1_,worldIn,2
p_176198_2_,pos,2
p_176198_3_,side,2
p_176201_1_,state,2
p_176203_1_,meta,2
p_176208_1_,worldIn,2
p_176208_2_,pos,2
p_176208_3_,state,2
p_176208_4_,player,2
p_176210_0_,state,2
p_176215_0_,id,2
p_176215_1_,textualID,2
p_176215_2_,block_,2
p_176216_1_,worldIn,2
p_176216_2_,entityIn,2
p_176219_0_,id,2
p_176219_1_,textualID,2
p_176219_2_,block_,2
p_176220_0_,state,2
p_176221_1_,state,2
p_176221_2_,worldIn,2
p_176221_3_,pos,2
p_176222_1_,worldIn,2
p_176222_2_,pos,2
p_176224_1_,worldIn,2
p_176224_2_,pos,2
p_176225_1_,worldIn,0
p_176225_2_,pos,0
p_176225_3_,side,0
p_176226_1_,worldIn,2
p_176226_2_,pos,2
p_176226_3_,state,2
p_176226_4_,forture,2
p_176302_0_,worldIn,2
p_176302_1_,pos,2
p_176302_2_,state,2
p_176303_1_,worldIn,2
p_176303_2_,pos,2
p_176438_1_,worldIn,2
p_176438_2_,pos,2
p_176438_3_,state,2
p_176717_0_,name,0
p_176718_1_,facing,2
p_176732_1_,axis,0
p_176733_0_,angle,2
p_176739_0_,name,0
p_176741_0_,rand,2
p_177226_1_,property,2
p_177226_2_,value,2
p_177229_1_,property,2
p_177231_1_,property,2
p_177232_0_,values,2
p_177232_1_,currentValue,2
p_177235_1_,map,2
p_177236_1_,property,2
p_177236_2_,value,2
p_177435_1_,pos,2
p_177548_1_,left,2
p_177548_2_,right,2
p_177568_1_,property,2
p_177702_1_,value,2
p_177705_1_,value,2
p_177706_0_,name,2
p_177706_1_,clazz,2
p_177706_2_,values,2
p_177707_0_,name,2
p_177707_1_,clazz,2
p_177707_2_,values,2
p_177708_0_,name,2
p_177708_1_,clazz,2
p_177708_2_,filter,2
p_177709_0_,name,2
p_177709_1_,clazz,2
p_177712_0_,name,2
p_177712_1_,filter,2
p_177713_0_,name,2
p_177713_1_,values,2
p_177714_0_,name,2
p_177715_1_,value,2
p_177716_0_,name,2
p_177718_1_,value,2
p_177719_0_,name,2
p_177719_1_,min,2
p_177719_2_,max,2
p_177951_1_,to,2
p_177954_1_,toX,2
p_177954_3_,toY,2
p_177954_5_,toZ,2
p_177955_1_,vec,2
p_177963_1_,x,2
p_177963_3_,y,2
p_177963_5_,z,2
p_177964_1_,n,2
p_177965_1_,n,2
p_177966_1_,factor,2
p_177967_1_,facing,2
p_177967_2_,n,2
p_177969_0_,serialized,2
p_177970_1_,n,2
p_177971_1_,vec,2
p_177972_1_,facing,2
p_177973_1_,vec,0
p_177975_0_,from,2
p_177975_1_,to,2
p_177979_1_,n,2
p_177980_0_,from,2
p_177980_1_,to,2
p_177981_1_,n,2
p_177982_1_,x,2
p_177982_2_,y,2
p_177982_3_,z,2
p_177983_1_,vec,2
p_177985_1_,n,2
p_178144_0_,te,2
p_179318_0_,clazz,2
p_179318_1_,sets,2
p_179321_0_,sets,2
p_179322_0_,clazz,2
p_179322_1_,it,2
p_179323_0_,arrays,2
p_179324_1_,array,2
p_179399_0_,keys,2
p_179399_1_,values,2
p_179399_2_,map,2
p_179400_0_,keys,2
p_179400_1_,values,2
p_179518_1_,rand,2
p_179519_1_,facing,2
p_180430_1_,distance,2
p_180430_2_,damageMultiplier,2
p_180462_1_,slotIn,2
p_180462_2_,itemStackIn,2
p_180463_1_,side,2
p_180495_1_,pos,2
p_180632_1_,state,2
p_180633_1_,worldIn,2
p_180633_2_,pos,2
p_180633_3_,state,2
p_180633_4_,player,2
p_180633_5_,stack,2
p_180635_0_,worldIn,2
p_180635_1_,pos,2
p_180635_2_,stack,2
p_180636_1_,worldIn,2
p_180636_2_,pos,2
p_180636_3_,start,2
p_180636_4_,end,2
p_180637_1_,worldIn,2
p_180637_2_,pos,2
p_180637_3_,amount,2
p_180638_1_,worldIn,2
p_180638_2_,pos,2
p_180638_3_,state,2
p_180638_4_,mask,2
p_180638_5_,list,2
p_180638_6_,collidingEntity,2
p_180640_1_,worldIn,2
p_180640_2_,pos,2
p_180640_3_,state,2
p_180641_2_,pos,2
p_180643_1_,state,2
p_180646_1_,worldIn,0
p_180646_2_,pos,0
p_180647_1_,player,2
p_180647_2_,worldIn,2
p_180647_3_,pos,2
p_180648_1_,worldIn,2
p_180648_2_,pos,2
p_180648_3_,state,2
p_180648_4_,eventID,2
p_180648_5_,eventParam,2
p_180650_1_,worldIn,2
p_180650_2_,pos,2
p_180650_3_,state,2
p_180650_4_,rand,2
p_180651_1_,state,2
p_180652_1_,worldIn,2
p_180652_2_,pos,2
p_180652_3_,explosionIn,2
p_180653_1_,worldIn,2
p_180653_2_,pos,2
p_180653_3_,state,2
p_180653_4_,chance,2
p_180653_5_,fortune,2
p_180657_1_,worldIn,2
p_180657_2_,player,2
p_180657_3_,pos,2
p_180657_4_,state,2
p_180657_5_,te,2
p_180658_1_,worldIn,2
p_180658_2_,pos,2
p_180658_3_,entityIn,2
p_180658_4_,fallDistance,2
p_180659_1_,state,2
p_180660_1_,state,2
p_180660_2_,rand,2
p_180660_3_,fortune,2
p_180665_1_,worldIn,0
p_180665_2_,pos,0
p_70000_1_,playerSnooper,2
p_70001_1_,playerSnooper,2
p_70003_1_,permissionLevel,2
p_70003_2_,command,2
p_70011_1_,x,2
p_70011_3_,y,2
p_70011_5_,z,2
p_70012_1_,x,2
p_70012_3_,y,2
p_70012_5_,z,2
p_70012_7_,yaw,2
p_70012_8_,pitch,2
p_70014_1_,tagCompound,2
p_70015_1_,seconds,2
p_70016_1_,x,0
p_70016_3_,y,0
p_70016_5_,z,0
p_70019_1_,eating,2
p_70020_1_,tagCompund,2
p_70024_1_,x,2
p_70024_3_,y,2
p_70024_5_,z,2
p_70028_1_,entityIn,2
p_70029_1_,worldIn,2
p_70031_1_,sprinting,2
p_70032_1_,entityIn,2
p_70034_1_,rotation,2
p_70037_1_,tagCompund,2
p_70038_1_,x,2
p_70038_3_,y,2
p_70038_5_,z,2
p_70039_1_,tagCompund,2
p_70049_1_,numbers,2
p_70050_1_,air,2
p_70052_1_,flag,2
p_70052_2_,set,2
p_70055_1_,materialIn,2
p_70060_1_,strafe,2
p_70060_2_,forward,2
p_70060_3_,friction,2
p_70062_1_,slotIn,2
p_70062_2_,itemStackIn,2
p_70068_1_,entityIn,2
p_70074_1_,entityLivingIn,2
p_70077_1_,lightningBolt,2
p_70078_1_,entityIn,2
p_70080_1_,x,2
p_70080_3_,y,2
p_70080_5_,z,2
p_70080_7_,yaw,2
p_70080_8_,pitch,2
p_70081_1_,amount,2
p_70082_1_,yaw,0
p_70082_2_,pitch,0
p_70083_1_,flag,2
p_70084_1_,entityIn,2
p_70084_2_,amount,2
p_70087_1_,numbers,2
p_70091_1_,x,2
p_70091_3_,y,2
p_70091_5_,z,2
p_70092_1_,x,2
p_70092_3_,y,2
p_70092_5_,z,2
p_70095_1_,sneaking,2
p_70097_1_,source,2
p_70097_2_,amount,2
p_70099_1_,itemStackIn,2
p_70099_2_,offsetY,2
p_70100_1_,entityIn,2
p_70101_1_,yaw,2
p_70101_2_,pitch,2
p_70105_1_,width,2
p_70105_2_,height,2
p_70107_1_,x,2
p_70107_3_,y,2
p_70107_5_,z,2
p_70108_1_,entityIn,2
p_70109_1_,tagCompund,2
p_70112_1_,distance,0
p_70114_1_,entityIn,2
p_70298_1_,index,2
p_70298_2_,count,2
p_70299_1_,index,2
p_70299_2_,stack,2
p_70300_1_,player,2
p_70301_1_,slotIn,2
p_70304_1_,index,2
p_70999_2_,updateWorldFlag,2
p_70999_3_,setSpawn,2
p_71010_1_,itemStackIn,2
p_71019_1_,itemStackIn,2
p_71027_1_,dimensionId,2
p_71033_1_,gameType,2
p_71059_1_,targetEntity,2
p_71188_1_,allowPvp,2
p_71189_1_,host,1
p_71191_1_,maxBuildHeight,2
p_71192_1_,message,2
p_71194_1_,enable,2
p_71198_1_,msg,1
p_71201_1_,msg,1
p_71204_1_,demo,2
p_71205_1_,motdIn,2
p_71206_1_,type,2
p_71206_2_,allowCheats,2
p_71208_1_,port,1
p_71209_1_,fileName,2
p_71216_1_,message,2
p_71216_2_,percent,2
p_71218_1_,dimension,2
p_71224_1_,owner,2
p_71228_1_,report,2
p_71229_1_,online,2
p_71230_1_,report,2
p_71235_1_,gameMode,2
p_71236_1_,msg,2
p_71244_1_,msg,1
p_71245_1_,allow,2
p_71251_1_,spawnAnimals,2
p_71252_1_,command,1
p_71253_1_,keyPair,2
p_71257_1_,spawnNpcs,2
p_71261_1_,name,2
p_71267_1_,dontLog,2
p_71327_1_,key,1
p_71327_2_,defaultValue,1
p_71328_1_,key,1
p_71328_2_,value,1
p_71330_1_,key,1
p_71330_2_,defaultValue,1
p_71331_1_,input,1
p_71331_2_,sender,1
p_71332_1_,key,1
p_71332_2_,defaultValue,1
p_71351_1_,serverDataIn,0
p_71353_1_,worldClientIn,0
p_71353_2_,loadingMessage,0
p_71354_1_,dimension,0
p_71361_1_,message,0
p_71366_1_,elapsedTicksTime,0
p_71370_1_,width,0
p_71370_2_,height,0
p_71371_1_,folderName,0
p_71371_2_,worldName,0
p_71371_3_,worldSettingsIn,0
p_71377_1_,crashReportIn,0
p_71383_1_,keyCount,0
p_71392_1_,width,0
p_71392_2_,height,0
p_71392_3_,width2,0
p_71392_4_,height2,0
p_71392_5_,stdTextureWidth,0
p_71392_6_,stdTextureHeight,0
p_71396_1_,theCrash,0
p_71403_1_,worldClientIn,0
p_71404_1_,crash,0
p_71515_1_,sender,2
p_71515_2_,args,2
p_71518_1_,sender,2
p_71519_1_,sender,2
p_71521_0_,sender,2
p_71523_0_,original,2
p_71523_1_,region,2
p_71527_0_,elements,2
p_71529_0_,command,2
p_71530_0_,args,2
p_71530_1_,possibilities,2
p_71565_0_,input,2
p_71566_0_,character,2
p_72314_1_,x,2
p_72314_3_,y,2
p_72314_5_,z,2
p_72315_1_,vec,2
p_72316_1_,other,2
p_72317_1_,x,2
p_72317_3_,y,2
p_72317_5_,z,2
p_72318_1_,vec,2
p_72319_1_,vec,2
p_72321_1_,x,2
p_72321_3_,y,2
p_72321_5_,z,2
p_72322_1_,other,2
p_72323_1_,other,2
p_72326_1_,other,2
p_72331_1_,x,2
p_72331_3_,y,2
p_72331_5_,z,2
p_72333_1_,vec,2
p_72354_1_,player,2
p_72354_2_,worldIn,2
p_72355_1_,netManager,2
p_72355_2_,player,2
p_72356_1_,player,2
p_72356_2_,dimension,2
p_72358_1_,player,2
p_72367_1_,player,2
p_72368_1_,player,2
p_72368_2_,dimension,2
p_72368_3_,conqueredEnd,2
p_72371_1_,whitelistEnabled,2
p_72375_1_,player,2
p_72375_2_,worldIn,2
p_72377_1_,player,2
p_72380_1_,player,2
p_72382_1_,address,2
p_72385_1_,player,2
p_72391_1_,player,2
p_72429_1_,vec,2
p_72429_2_,x,2
p_72430_1_,vec,2
p_72431_1_,vec,0
p_72434_1_,vec,2
p_72434_2_,z,2
p_72435_1_,vec,2
p_72435_2_,y,2
p_72436_1_,vec,2
p_72438_1_,vec,2
p_72441_1_,x,2
p_72441_3_,y,2
p_72441_5_,z,2
p_72444_1_,vec,0
p_72593_1_,currentTime,1
p_72601_1_,socket,1
p_72604_1_,socket,1
p_72604_2_,removeFromList,1
p_72605_1_,socket,1
p_72605_2_,removeFromList,1
p_72606_1_,msg,1
p_72607_1_,msg,1
p_72608_1_,socket,1
p_72609_1_,msg,1
p_72610_1_,msg,1
p_72612_1_,logWarning,1
p_72620_1_,data,1
p_72620_2_,requestPacket,1
p_72621_1_,requestPacket,1
p_72622_1_,requestPacket,1
p_72623_1_,exception,1
p_72624_1_,requestPacket,1
p_72625_1_,address,1
p_72627_1_,requestPacket,1
p_72654_3_,message,1
p_72663_0_,input,1
p_72667_1_,data,1
p_72668_1_,data,1
p_72670_1_,data,1
p_72671_1_,data,1
p_72704_1_,soundName,2
p_72704_2_,x,2
p_72704_4_,y,2
p_72704_6_,z,2
p_72704_8_,volume,2
p_72704_9_,pitch,2
p_72877_1_,time,2
p_72890_1_,entityIn,2
p_72890_2_,distance,2
p_72891_1_,hostile,2
p_72891_2_,peaceful,2
p_72894_1_,strength,0
p_72897_1_,entityIn,0
p_72908_1_,x,2
p_72908_3_,y,2
p_72908_5_,z,2
p_72908_7_,soundName,2
p_72908_8_,volume,2
p_72908_9_,pitch,2
p_72914_1_,report,2
p_72924_1_,name,2
p_72960_1_,entityIn,2
p_72964_1_,chunkX,2
p_72964_2_,chunkZ,2
p_72977_1_,x,2
p_72977_3_,y,2
p_72977_5_,z,2
p_72977_7_,distance,2
p_72980_1_,x,2
p_72980_10_,distanceDelay,2
p_72980_3_,y,2
p_72980_5_,z,2
p_72980_7_,soundName,2
p_72980_8_,volume,2
p_72980_9_,pitch,2
p_73107_1_,damage,0
p_73667_1_,key,1
p_73667_2_,value,1
p_73669_1_,key,1
p_73669_2_,defaultValue,1
p_73670_1_,key,1
p_73670_2_,defaultValue,1
p_73671_1_,key,1
p_73671_2_,defaultValue,1
p_73728_1_,x,0
p_73728_2_,startY,0
p_73728_3_,endY,0
p_73728_4_,color,0
p_73729_1_,x,0
p_73729_2_,y,0
p_73729_3_,textureX,0
p_73729_4_,textureY,0
p_73729_5_,width,0
p_73729_6_,height,0
p_73730_1_,startX,0
p_73730_2_,endX,0
p_73730_3_,y,0
p_73730_4_,color,0
p_73731_1_,fontRendererIn,0
p_73731_2_,text,0
p_73731_3_,x,0
p_73731_4_,y,0
p_73731_5_,color,0
p_73732_1_,fontRendererIn,0
p_73732_2_,text,0
p_73732_3_,x,0
p_73732_4_,y,0
p_73732_5_,color,0
p_73733_1_,left,0
p_73733_2_,top,0
p_73733_3_,right,0
p_73733_4_,bottom,0
p_73733_5_,startColor,0
p_73733_6_,endColor,0
p_73734_0_,left,0
p_73734_1_,top,0
p_73734_2_,right,0
p_73734_3_,bottom,0
p_73734_4_,color,0
p_73863_1_,mouseX,0
p_73863_2_,mouseY,0
p_73863_3_,partialTicks,0
p_73864_1_,mouseX,0
p_73864_2_,mouseY,0
p_73864_3_,mouseButton,0
p_73869_1_,typedChar,0
p_73869_2_,keyCode,0
p_73878_1_,result,0
p_73878_2_,id,0
p_74507_0_,keyCode,0
p_74510_0_,keyCode,0
p_74510_1_,pressed,0
p_74734_1_,output,2
p_74744_1_,i,2
p_74757_1_,key,2
p_74757_2_,value,2
p_74759_1_,key,2
p_74760_1_,key,2
p_74762_1_,key,2
p_74763_1_,key,2
p_74764_1_,key,2
p_74765_1_,key,2
p_74767_1_,key,2
p_74768_1_,key,2
p_74768_2_,value,2
p_74769_1_,key,2
p_74770_1_,key,2
p_74771_1_,key,2
p_74772_1_,key,2
p_74772_2_,value,2
p_74773_1_,key,2
p_74773_2_,value,2
p_74774_1_,key,2
p_74774_2_,value,2
p_74775_1_,key,2
p_74776_1_,key,2
p_74776_2_,value,2
p_74777_1_,key,2
p_74777_2_,value,2
p_74778_1_,key,2
p_74778_2_,value,2
p_74779_1_,key,2
p_74780_1_,key,2
p_74780_2_,value,2
p_74781_1_,key,2
p_74782_1_,key,2
p_74782_2_,value,2
p_74783_1_,key,2
p_74783_2_,value,2
p_75135_1_,stack,2
p_75135_2_,startIndex,2
p_75135_3_,endIndex,2
p_75135_4_,useEndIndex,2
p_75140_1_,player,2
p_75140_2_,id,2
p_75144_1_,slotId,2
p_75144_2_,clickedButton,2
p_75144_3_,mode,2
p_75144_4_,player,2
p_75145_1_,player,2
p_75214_1_,stack,2
p_75230_1_,trade,2
p_75230_2_,firstItem,2
p_75230_3_,secondItem,2
p_75849_1_,point,2
p_75904_1_,areaX,2
p_75904_2_,areaY,2
p_75904_3_,areaWidth,2
p_75904_4_,areaHeight,2
p_76179_0_,data,2
p_76318_1_,name,2
p_76320_1_,name,2
p_76600_1_,x,2
p_76600_2_,z,2
p_76611_1_,x,2
p_76611_2_,z,2
p_77124_1_,enable,2
p_77130_0_,type,2
p_77132_1_,version,2
p_77621_1_,worldIn,2
p_77621_2_,player,2
p_77621_3_,useLiquids,2
p_77644_1_,stack,2
p_77659_1_,itemStackIn,2
p_77659_2_,worldIn,2
p_77659_3_,player,2
p_77661_1_,stack,2
p_77663_1_,stack,2
p_77663_2_,worldIn,2
p_77663_3_,entityIn,2
p_77663_4_,itemSlot,2
p_77663_5_,isSelected,2
p_77667_1_,stack,2
p_77844_2_,duration,2
p_77844_3_,amplifier,2
p_77844_4_,probability,2
p_78025_1_,texture,2
p_78259_1_,str,0
p_78259_2_,wrapWidth,0
p_78268_1_,str,0
p_78268_2_,x,0
p_78268_3_,y,0
p_78268_4_,wrapWidth,0
p_78268_5_,addShadow,0
p_78270_0_,formatChar,0
p_78271_1_,str,0
p_78271_2_,wrapWidth,0
p_78272_0_,colorChar,0
p_78276_1_,text,0
p_78276_2_,x,0
p_78276_3_,y,0
p_78276_4_,color,0
p_78279_1_,str,0
p_78279_2_,x,0
p_78279_3_,y,0
p_78279_4_,wrapWidth,0
p_78279_5_,textColor,0
p_78280_1_,str,0
p_78280_2_,wrapWidth,0
p_78745_1_,player,0
p_78752_1_,itemStackIn,0
p_78753_1_,windowId,0
p_78753_2_,slotId,0
p_78753_5_,player,0
p_78761_1_,itemStackIn,0
p_78761_2_,slotId,0
p_78764_1_,player,0
p_78764_2_,targetEntity,0
p_78766_1_,player,0
p_78768_1_,player,0
p_78768_2_,targetEntity,0
p_78769_1_,player,0
p_78769_2_,worldIn,0
p_78769_3_,itemStackIn,0
p_78837_0_,nbtCompound,0
p_82142_1_,invisible,2
p_82149_1_,entityIn,2
p_82161_0_,armorSlot,2
p_82161_1_,itemTier,2
p_82358_1_,args,2
p_82358_2_,index,2
p_82359_0_,sender,2
p_82359_1_,username,2
p_82448_1_,entityIn,2
p_82482_1_,source,2
p_82482_2_,stack,2
p_82485_1_,source,2
p_82486_0_,worldIn,2
p_82486_1_,stack,2
p_82486_2_,speed,2
p_82486_4_,position,2
p_82487_1_,source,2
p_82487_2_,stack,2
p_82488_1_,facingIn,2
p_82489_1_,source,2
p_82489_2_,facingIn,2
p_82499_1_,worldIn,2
p_82499_2_,position,2
p_82580_1_,key,2
p_82600_0_,index,2
p_82846_1_,player,2
p_82846_2_,index,2
p_82870_1_,playerIn,2
p_82870_2_,stack,2
p_85029_1_,category,2
p_85030_1_,name,2
p_85030_2_,volume,2
p_85030_3_,pitch,2
p_85031_1_,entityIn,2
p_92088_1_,x,0
p_92088_11_,motionZ,0
p_92088_13_,compund,0
p_92088_3_,y,0
p_92088_5_,z,0
p_92088_7_,motionX,0
p_92088_9_,motionY,0
p_94041_1_,index,2
p_94041_2_,stack,2
p_94526_0_,inv,2
p_94527_0_,slotIn,2
p_94527_1_,stack,2
p_94527_2_,stackSizeMatters,2
p_96332_0_,sender,2
p_96332_1_,query,2
p_96333_0_,strings,2
p_96456_1_,scoreboardIn,2
p_96456_2_,player,2
p_98034_1_,player,0
p_98035_1_,tagCompund,2
p_i1020_1_,buttonId,0
p_i1020_2_,x,0
p_i1020_3_,y,0
p_i1020_4_,buttonText,0
p_i1021_1_,stateName,0
p_i1021_2_,id,0
p_i1040_1_,parentScreen,0
p_i1044_1_,textureManagerInstance,0
p_i1044_2_,skinCacheDirectory,0
p_i1044_3_,sessionService,0
p_i1052_2_,width,0
p_i1052_3_,height,0
p_i1063_1_,mc,0
p_i1085_1_,selectionListIn,0
p_i1108_1_,x,2
p_i1108_3_,y,2
p_i1108_5_,z,2
p_i1138_1_,bansFile,2
p_i1144_1_,saveFile,2
p_i1203_1_,worldIn,0
p_i1206_1_,message,1
p_i1206_2_,cause,1
p_i1207_1_,message,1
p_i1368_1_,xCoord,2
p_i1368_3_,yCoord,2
p_i1368_5_,zCoord,2
p_i1490_1_,bansFile,2
p_i1500_1_,server,2
p_i1503_1_,server,1
p_i1508_1_,workDir,1
p_i1530_1_,server,2
p_i1530_2_,networkManagerIn,2
p_i1530_3_,player,2
p_i1533_1_,size,1
p_i1535_2_,requestPacket,1
p_i1537_2_,socket,1
p_i1582_1_,worldIn,2
p_i1709_1_,worldIn,2
p_i1709_2_,x,2
p_i1709_4_,y,2
p_i1709_6_,z,2
p_i1710_1_,worldIn,2
p_i1710_2_,x,2
p_i1710_4_,y,2
p_i1710_6_,z,2
p_i1710_8_,stack,2
p_i1853_1_,index,2
p_i1853_2_,label,2
p_i1960_1_,id,2
p_i1960_2_,name,2
p_i1960_3_,version,2
p_i1963_1_,worldIn,2
p_i2300_1_,x1,2
p_i2300_11_,z2,2
p_i2300_3_,y1,2
p_i2300_5_,z1,2
p_i2300_7_,x2,2
p_i2300_9_,y2,2
p_i2362_1_,serverIn,1
p_i45001_1_,description,0
p_i45001_2_,keyCode,0
p_i45001_3_,category,0
p_i45087_1_,resourceManager,0
p_i45087_2_,programName,0
p_i45091_1_,type,0
p_i45091_2_,shaderId,0
p_i45091_3_,filename,0
p_i45092_1_,name,0
p_i45092_2_,type,0
p_i45092_3_,count,0
p_i45092_4_,manager,0
p_i45103_1_,soundResource,0
p_i45107_1_,soundResource,0
p_i45107_2_,volume,0
p_i45107_3_,pitch,0
p_i45107_4_,xPosition,0
p_i45107_5_,yPosition,0
p_i45107_6_,zPosition,0
p_i45108_1_,soundResource,0
p_i45108_2_,volume,0
p_i45108_3_,pitch,0
p_i45108_4_,repeat,0
p_i45108_5_,repeatDelay,0
p_i45108_6_,attenuationType,0
p_i45108_7_,xPosition,0
p_i45108_8_,yPosition,0
p_i45108_9_,zPosition,0
p_i45140_1_,cipherIn,2
p_i45141_1_,cipher,2
p_i45142_1_,cipher,2
p_i45146_1_,inPacket,2
p_i45146_2_,inFutureListeners,2
p_i45152_3_,protocolId,2
p_i45154_1_,wrapped,2
p_i45159_1_,msg,2
p_i45160_1_,translationKey,2
p_i45160_2_,args,2
p_i45161_1_,component,2
p_i45161_2_,message,2
p_i45162_1_,component,2
p_i45162_2_,index,2
p_i45163_1_,component,2
p_i45163_2_,cause,2
p_i45172_1_,ent,2
p_i45172_2_,animationType,2
p_i45179_1_,component,2
p_i45194_1_,stateIn,2
p_i45208_1_,capabilities,2
p_i45223_1_,healthIn,2
p_i45223_2_,foodLevelIn,2
p_i45223_3_,saturationIn,2
p_i45239_1_,msg,2
p_i45240_1_,messageIn,2
p_i45242_1_,statusIn,2
p_i45257_1_,capabilities,2
p_i45267_1_,profileIn,2
p_i45268_1_,serverId,2
p_i45268_2_,key,2
p_i45269_1_,reasonIn,2
p_i45270_1_,profileIn,2
p_i45272_1_,time,2
p_i45273_1_,responseIn,2
p_i45275_1_,nameIn,2
p_i45275_2_,protocolIn,2
p_i45281_1_,workDir,1
p_i45281_2_,proxy,1
p_i45286_1_,networkSystemIn,2
p_i45292_1_,server,2
p_i45295_1_,serverIn,2
p_i45295_2_,netManager,2
p_i45299_1_,serverIn,2
p_i45299_2_,netManager,2
p_i45300_2_,threadName,1
p_i45393_1_,name,2
p_i45393_2_,volume,2
p_i45393_3_,frequency,2
p_i45394_1_,materialIn,2
p_i45395_1_,materialIn,2
p_i45396_1_,wooden,2
p_i45397_1_,type,2
p_i45543_1_,mc,0
p_i45648_1_,name,2
p_i45648_2_,min,2
p_i45648_3_,max,2
p_i45649_1_,name,2
p_i45649_2_,valueClass,2
p_i45649_3_,allowedValues,2
p_i45650_1_,name,2
p_i45650_2_,values,2
p_i45651_1_,name,2
p_i45652_1_,name,2
p_i45652_2_,valueClass,2
p_i45663_1_,blockIn,2
p_i45663_2_,properties,2
p_i45684_1_,modelState,2
p_i46014_3_,offset,2
p_i46014_4_,description,2
p_i46015_3_,name,2
p_i46015_4_,plane,2
p_i46018_1_,clazz,2
p_i46018_2_,iterables,2
p_i46020_1_,clazz,2
p_i46020_2_,iterables,2
p_i46024_1_,x_,2
p_i46024_2_,y_,2
p_i46024_3_,z_,2
p_i46030_1_,x,2
p_i46030_2_,y,2
p_i46030_3_,z,2
p_i46031_1_,x,2
p_i46031_3_,y,2
p_i46031_5_,z,2
p_i46314_1_,mc,0
p_i46323_1_,buttonId,0
p_i46323_2_,x,0
p_i46323_3_,y,0
p_i46323_4_,widthIn,0
p_i46323_5_,heightIn,0
p_i46323_6_,buttonText,0
p_i46336_1_,reasonIn,2
p_i46342_1_,size,2
p_i46372_1_,propertiesFile,1
p_i46373_1_,eulaFile,1
