param,name,side
p_100012_1_,maxDuration,0
p_104055_1_,force,1
p_110121_0_,str,0
p_110149_1_,amount,2
p_110162_1_,entityIn,2
p_110162_2_,sendAttachNotification,2
p_110304_0_,resourceLocationIn,0
p_110304_1_,username,0
p_110311_0_,username,0
p_110549_1_,resourceManager,0
p_110577_1_,resource,0
p_110668_4_,worldIn,2
p_110669_8_,worldIn,2
p_110671_2_,worldIn,2
p_110813_1_,targetEntity,0
p_110828_1_,start,0
p_110828_3_,end,0
p_110828_5_,pct,0
p_111092_1_,worldIn,2
p_111098_1_,worldIn,2
p_111145_1_,id,2
p_111206_0_,id,2
p_111207_1_,stack,2
p_111207_2_,playerIn,2
p_111207_3_,target,2
p_111226_1_,enchantmentType,0
p_111229_1_,types,2
p_111270_1_,other,2
p_111282_1_,playerIn,2
p_111282_2_,entityIn,2
p_120016_0_,serverIn,1
p_130002_1_,playerIn,2
p_135064_1_,key,2
p_142053_1_,input,2
p_142054_1_,other,2
p_143006_1_,idleTimeout,2
p_143009_1_,worldIn,2
p_143020_1_,worldIn,2
p_143027_1_,worldIn,2
p_143032_1_,worldIn,2
p_143035_1_,worldIn,2
p_145747_1_,message,2
p_145755_1_,worldIn,2
p_145758_1_,tagCompound,2
p_145769_1_,id,2
p_145770_1_,x,0
p_145770_3_,y,0
p_145770_5_,z,0
p_145771_1_,x,2
p_145771_3_,y,2
p_145771_5_,z,2
p_145778_1_,itemIn,2
p_145778_2_,size,2
p_145779_1_,itemIn,2
p_145779_2_,size,2
p_145797_1_,owner,2
p_145799_1_,thrower,2
p_145826_0_,cl,2
p_145826_1_,id,2
p_145827_0_,nbt,2
p_145828_1_,reportCategory,2
p_145834_1_,worldIn,2
p_145839_1_,compound,2
p_145841_1_,compound,2
p_145842_1_,id,2
p_145842_2_,type,2
p_145857_1_,recordStack,2
p_145886_1_,customNameIn,2
p_145893_0_,worldIn,2
p_145894_0_,stack1,2
p_145894_1_,stack2,2
p_145896_1_,ticks,2
p_145897_0_,worldIn,2
p_145903_1_,rotation,2
p_145912_1_,playerIn,2
p_145913_1_,isEditableIn,0
p_145964_1_,potItem,2
p_145964_2_,potData,2
p_145976_1_,name,2
p_146018_1_,customName,2
p_146019_1_,stack,2
p_146029_1_,itemIn,2
p_146031_1_,chestTileEntity,2
p_146094_0_,profile,2
p_146110_0_,x,0
p_146110_1_,y,0
p_146110_2_,u,0
p_146110_3_,v,0
p_146110_4_,width,0
p_146110_5_,height,0
p_146110_6_,textureWidth,0
p_146110_7_,textureHeight,0
p_146111_1_,mouseX,0
p_146111_2_,mouseY,0
p_146112_1_,mc,0
p_146112_2_,mouseX,0
p_146112_3_,mouseY,0
p_146113_1_,soundHandlerIn,0
p_146114_1_,mouseOver,0
p_146116_1_,mc,0
p_146116_2_,mouseX,0
p_146116_3_,mouseY,0
p_146118_1_,mouseX,0
p_146118_2_,mouseY,0
p_146119_1_,mc,0
p_146119_2_,mouseX,0
p_146119_3_,mouseY,0
p_146159_1_,mc,0
p_146159_2_,mouseX,0
p_146159_3_,mouseY,0
p_146160_1_,mcIn,0
p_146270_1_,tint,0
p_146273_1_,mouseX,0
p_146273_2_,mouseY,0
p_146273_3_,clickedMouseButton,0
p_146273_4_,timeSinceLastClick,0
p_146275_0_,copyText,0
p_146278_1_,tint,0
p_146279_1_,tabName,0
p_146279_2_,mouseX,0
p_146279_3_,mouseY,0
p_146280_1_,mc,0
p_146280_2_,width,0
p_146280_3_,height,0
p_146283_1_,textLines,0
p_146283_2_,x,0
p_146283_3_,y,0
p_146284_1_,button,0
p_146285_1_,stack,0
p_146285_2_,x,0
p_146285_3_,y,0
p_146286_1_,mouseX,0
p_146286_2_,mouseY,0
p_146286_3_,state,0
p_146367_1_,ip,0
p_146367_2_,port,0
p_146790_1_,index,0
p_146791_1_,server,0
p_146975_1_,x,0
p_146975_2_,y,0
p_146976_1_,partialTicks,0
p_146976_2_,mouseX,0
p_146976_3_,mouseY,0
p_146977_1_,slotIn,0
p_146978_1_,left,0
p_146978_2_,top,0
p_146978_3_,right,0
p_146978_4_,bottom,0
p_146978_5_,pointX,0
p_146978_6_,pointY,0
p_146979_1_,mouseX,0
p_146979_2_,mouseY,0
p_146981_1_,slotIn,0
p_146981_2_,mouseX,0
p_146981_3_,mouseY,0
p_146982_1_,stack,0
p_146982_2_,x,0
p_146982_3_,y,0
p_146982_4_,altText,0
p_146983_1_,keyCode,0
p_146984_1_,slotIn,0
p_146984_2_,slotId,0
p_146984_3_,clickedButton,0
p_146984_4_,clickType,0
p_147100_1_,packetIn,2
p_147108_1_,guiScreenIn,0
p_147115_1_,leftClick,0
p_147138_1_,response,2
p_147139_1_,difficulty,2
p_147149_1_,toFile,2
p_147176_0_,sender,2
p_147176_1_,args,2
p_147176_2_,index,2
p_147178_0_,sender,2
p_147178_1_,args,2
p_147179_0_,sender,2
p_147179_1_,id,2
p_147180_0_,sender,2
p_147180_1_,id,2
p_147183_1_,name,2
p_147185_1_,sender,2
p_147185_2_,args,2
p_147185_3_,index,2
p_147189_1_,name,2
p_147189_2_,edit,2
p_147193_1_,sender,2
p_147193_2_,args,2
p_147193_3_,index,2
p_147200_1_,sender,2
p_147200_2_,args,2
p_147200_3_,index,2
p_147224_1_,server,0
p_147225_1_,server,0
p_147231_1_,reason,2
p_147234_1_,packetIn,2
p_147235_1_,packetIn,2
p_147236_1_,packetIn,2
p_147237_1_,packetIn,2
p_147238_1_,packetIn,2
p_147239_1_,packetIn,2
p_147240_1_,packetIn,2
p_147241_1_,packetIn,2
p_147242_1_,packetIn,2
p_147243_1_,packetIn,2
p_147244_1_,packetIn,2
p_147245_1_,packetIn,2
p_147246_1_,packetIn,2
p_147247_1_,packetIn,2
p_147248_1_,packetIn,2
p_147249_1_,packetIn,2
p_147250_1_,packetIn,2
p_147251_1_,packetIn,2
p_147252_1_,packetIn,2
p_147253_1_,packetIn,2
p_147254_1_,packetIn,2
p_147255_1_,packetIn,2
p_147256_1_,packetIn,2
p_147257_1_,packetIn,2
p_147258_1_,packetIn,2
p_147259_1_,packetIn,2
p_147260_1_,packetIn,2
p_147261_1_,packetIn,2
p_147262_1_,packetIn,2
p_147263_1_,packetIn,2
p_147264_1_,packetIn,2
p_147265_1_,packetIn,2
p_147266_1_,packetIn,2
p_147267_1_,packetIn,2
p_147268_1_,packetIn,2
p_147269_1_,packetIn,2
p_147270_1_,packetIn,2
p_147271_1_,packetIn,2
p_147272_1_,packetIn,2
p_147273_1_,packetIn,2
p_147274_1_,packetIn,2
p_147275_1_,packetIn,2
p_147276_1_,packetIn,2
p_147277_1_,packetIn,2
p_147278_1_,packetIn,2
p_147279_1_,packetIn,2
p_147280_1_,packetIn,2
p_147281_1_,packetIn,2
p_147282_1_,packetIn,2
p_147283_1_,packetIn,2
p_147284_1_,packetIn,2
p_147285_1_,packetIn,2
p_147286_1_,packetIn,2
p_147287_1_,packetIn,2
p_147288_1_,packetIn,2
p_147289_1_,packetIn,2
p_147290_1_,packetIn,2
p_147291_1_,packetIn,2
p_147292_1_,packetIn,2
p_147293_1_,packetIn,2
p_147294_1_,packetIn,2
p_147295_1_,packetIn,2
p_147311_1_,packetIn,2
p_147312_1_,packetIn,2
p_147315_1_,packetIn,2
p_147316_1_,packetIn,2
p_147322_1_,reason,2
p_147338_1_,packetIn,2
p_147339_1_,packetIn,2
p_147340_1_,packetIn,2
p_147341_1_,packetIn,2
p_147342_1_,packetIn,2
p_147343_1_,packetIn,2
p_147344_1_,packetIn,2
p_147345_1_,packetIn,2
p_147346_1_,packetIn,2
p_147347_1_,packetIn,2
p_147348_1_,packetIn,2
p_147349_1_,packetIn,2
p_147351_1_,packetIn,2
p_147352_1_,packetIn,2
p_147353_1_,packetIn,2
p_147354_1_,packetIn,2
p_147355_1_,packetIn,2
p_147356_1_,packetIn,2
p_147357_1_,packetIn,2
p_147358_1_,packetIn,2
p_147359_1_,packetIn,2
p_147360_1_,reason,2
p_147361_1_,command,2
p_147364_1_,x,2
p_147364_3_,y,2
p_147364_5_,z,2
p_147364_7_,yaw,2
p_147364_8_,pitch,2
p_147383_1_,packetIn,2
p_147388_1_,packetIn,2
p_147389_1_,packetIn,2
p_147390_1_,packetIn,2
p_147397_1_,packetIn,2
p_147398_1_,packetIn,2
p_147407_1_,icon,0
p_147448_1_,tileEntityCollection,2
p_147457_1_,tileEntityIn,2
p_147458_1_,x1,2
p_147458_2_,y1,2
p_147458_3_,z1,2
p_147458_4_,x2,2
p_147458_5_,y2,2
p_147458_6_,z2,2
p_147543_1_,worldIn,0
p_147585_1_,x1,2
p_147585_2_,y1,2
p_147585_3_,z1,2
p_147585_4_,x2,2
p_147585_5_,y2,2
p_147585_6_,z2,2
p_147673_0_,soundResource,0
p_147674_0_,soundResource,0
p_147674_1_,pitch,0
p_147675_0_,soundResource,0
p_147675_1_,xPosition,0
p_147675_2_,yPosition,0
p_147675_3_,zPosition,0
p_147684_2_,volume,0
p_148054_1_,manager,0
p_148056_1_,manager,0
p_148057_0_,resourceManager,0
p_148057_1_,type,0
p_148057_2_,filename,0
p_148075_1_,manager,0
p_148131_1_,slotIndex,0
p_148144_1_,slotIndex,0
p_148144_2_,isDoubleClick,0
p_148144_3_,mouseX,0
p_148144_4_,mouseY,0
p_148179_1_,mouseX,0
p_148179_2_,mouseY,0
p_148179_3_,mouseEvent,0
p_148182_1_,mcIn,0
p_148259_0_,gameDirectory,0
p_148259_1_,screenshotName,0
p_148259_2_,width,0
p_148259_3_,height,0
p_148259_4_,buffer,0
p_148260_0_,gameDirectory,0
p_148260_1_,width,0
p_148260_2_,height,0
p_148260_3_,buffer,0
p_148277_1_,slotIndex,0
p_148277_2_,x,0
p_148277_3_,y,0
p_148277_4_,mouseEvent,0
p_148277_5_,relativeX,0
p_148277_6_,relativeY,0
p_148335_1_,seed,0
p_148537_1_,packetIn,2
p_148537_2_,dimension,2
p_148539_1_,component,2
p_148540_1_,packetIn,2
p_148541_1_,x,2
p_148541_10_,packetIn,2
p_148541_3_,y,2
p_148541_5_,z,2
p_148541_7_,radius,2
p_148541_9_,dimension,2
p_148542_1_,address,2
p_148542_2_,profile,2
p_148543_10_,dimension,2
p_148543_2_,x,2
p_148543_4_,y,2
p_148543_6_,z,2
p_148543_8_,radius,2
p_148544_1_,component,2
p_148544_2_,isChat,2
p_148545_1_,profile,2
p_148745_1_,value,2
p_148746_1_,key,2
p_148746_2_,value,2
p_148747_1_,key,2
p_148833_1_,handler,2
p_148837_1_,buf,2
p_148840_1_,buf,2
p_149065_1_,worldIn,0
p_149091_1_,worldIn,0
p_149102_1_,isFlying,2
p_149104_1_,flySpeedIn,2
p_149108_1_,isInvulnerable,2
p_149109_1_,isAllowFlying,2
p_149110_1_,walkSpeedIn,2
p_149111_1_,isCreativeMode,2
p_149161_1_,worldIn,0
p_149299_1_,key,2
p_149300_1_,key,2
p_149381_1_,worldIn,0
p_149483_1_,isFlying,2
p_149485_1_,flySpeedIn,2
p_149490_1_,isInvulnerable,2
p_149491_1_,isAllowFlying,2
p_149492_1_,walkSpeedIn,2
p_149493_1_,isCreativeMode,2
p_149564_1_,worldIn,2
p_149634_0_,itemIn,2
p_149638_1_,exploder,2
p_149647_1_,tab,2
p_149654_1_,point,2
p_149659_1_,explosionIn,2
p_149661_1_,point,2
p_149663_1_,name,2
p_149666_1_,itemIn,0
p_149666_2_,tab,0
p_149666_3_,list,0
p_149667_1_,other,2
p_149672_1_,sound,2
p_149675_1_,shouldTick,2
p_149676_1_,minX,2
p_149676_2_,minY,2
p_149676_3_,minZ,2
p_149676_4_,maxX,2
p_149676_5_,maxY,2
p_149676_6_,maxZ,2
p_149679_1_,fortune,2
p_149679_2_,random,2
p_149680_0_,blockIn,2
p_149680_1_,other,2
p_149682_0_,blockIn,2
p_149684_0_,name,2
p_149687_1_,point,2
p_149711_1_,hardness,2
p_149713_1_,opacity,2
p_149715_1_,value,2
p_149729_0_,id,2
p_149738_1_,worldIn,2
p_149745_1_,random,2
p_149752_1_,resistance,2
p_149801_0_,meta,2
p_149829_1_,fallingEntity,2
p_149854_1_,ground,2
p_149907_1_,other,2
p_149908_1_,blockIn,2
p_149909_0_,blockIn,2
p_149915_1_,worldIn,2
p_149915_2_,meta,2
p_149917_0_,meta,2
p_149928_1_,blockIn,2
p_149928_2_,meta,2
p_149937_0_,meta,2
p_149939_0_,coords,2
p_149940_1_,stack,2
p_150002_1_,meta,2
p_150003_0_,blockIn,0
p_150089_1_,meta,2
p_150098_1_,blockIn,2
p_150119_0_,blockIn,2
p_150122_1_,fancy,0
p_150209_1_,event,2
p_150217_1_,italic,2
p_150221_1_,parent,2
p_150225_1_,strikethrough,2
p_150227_1_,boldIn,2
p_150228_1_,underlined,2
p_150237_1_,obfuscated,2
p_150238_1_,color,2
p_150241_1_,event,2
p_150255_1_,style,2
p_150257_1_,component,2
p_150258_1_,text,2
p_150262_0_,components,2
p_150269_1_,format,2
p_150272_1_,index,2
p_150284_0_,id,2
p_150295_1_,key,2
p_150295_2_,type,2
p_150297_1_,key,2
p_150297_2_,type,2
p_150298_0_,name,2
p_150298_1_,data,2
p_150298_2_,output,2
p_150299_1_,key,2
p_150304_1_,idx,2
p_150304_2_,nbt,2
p_150305_1_,i,2
p_150306_1_,i,2
p_150307_1_,i,2
p_150308_1_,i,2
p_150309_1_,i,2
p_150503_1_,ctx,2
p_150503_2_,buffer,2
p_150526_1_,worldIn,2
p_150541_1_,worldIn,2
p_150695_1_,style,2
p_150695_2_,object,2
p_150695_3_,ctx,2
p_150696_0_,component,2
p_150699_0_,json,2
p_150708_1_,random,2
p_150709_1_,maxDamagePercentIn,2
p_150718_1_,message,2
p_150719_1_,handler,2
p_150722_0_,address,0
p_150723_1_,newState,2
p_150726_0_,address,0
p_150726_1_,port,0
p_150727_1_,key,2
p_150732_1_,inPacket,2
p_150732_2_,futureListeners,2
p_150752_0_,packetIn,2
p_150760_0_,stateId,2
p_150786_1_,nbt,2
p_150787_1_,input,2
p_150788_1_,stack,2
p_150789_1_,maxLength,2
p_150790_0_,input,2
p_150810_1_,x,2
p_150810_2_,y,2
p_150810_3_,z,2
p_150813_1_,tileEntityIn,2
p_150819_1_,x,2
p_150819_2_,y,2
p_150819_3_,z,2
p_150826_0_,key,2
p_150891_0_,itemIn,2
p_150892_1_,stack,2
p_150893_1_,stack,2
p_150893_2_,block,2
p_150895_1_,itemIn,0
p_150895_2_,tab,0
p_150895_3_,subItems,0
p_150896_1_,stack,2
p_150897_1_,blockIn,2
p_150898_0_,blockIn,2
p_150899_0_,id,2
p_150902_0_,nbt,0
p_150902_1_,tooltip,0
p_150903_0_,stack,0
p_150903_1_,key,0
p_150905_1_,stack,2
p_150906_1_,stack,2
p_150910_1_,emptyBuckets,2
p_150910_2_,player,2
p_150910_3_,fullBucket,2
p_150911_1_,stack,2
p_150911_2_,worldIn,2
p_150911_3_,player,2
p_150912_0_,mapId,0
p_150912_1_,worldIn,0
p_150926_0_,name,0
p_150930_0_,nbt,2
p_150943_1_,names,2
p_150974_0_,meta,2
p_150978_0_,stack,2
p_151188_1_,integerValueIn,2
p_151190_1_,jsonSerializableValueIn,2
p_151225_0_,url,2
p_151225_1_,content,2
p_151225_2_,skipLoggingErrors,2
p_151226_0_,url,2
p_151226_1_,data,2
p_151226_2_,skipLoggingErrors,2
p_151246_0_,string,2
p_151255_1_,string,2
p_151256_1_,ctx,2
p_151256_2_,data,2
p_151265_1_,address,2
p_151265_2_,port,2
p_151315_1_,motd,2
p_151319_1_,countData,2
p_151320_1_,faviconBlob,2
p_151321_1_,protocolVersionData,2
p_151330_1_,playersIn,2
p_151393_2_,stack,2
p_151394_2_,stack,2
p_151395_1_,stack,2
p_151396_2_,stack,2
p_151398_1_,stack,2
p_151426_0_,id,2
p_151462_1_,keyCode,0
p_151507_0_,objectsList,2
p_151507_1_,buffer,2
p_151508_0_,buffer,2
p_151509_1_,buffer,2
p_151510_0_,buffer,2
p_151510_1_,object,2
p_151616_0_,biomeIDA,2
p_151616_1_,biomeIDB,2
p_152106_1_,playerProfile,2
p_152107_1_,type,2
p_152125_0_,x,0
p_152125_1_,y,0
p_152125_2_,u,0
p_152125_3_,v,0
p_152125_4_,uWidth,0
p_152125_5_,vHeight,0
p_152125_6_,width,0
p_152125_7_,height,0
p_152125_8_,tileWidth,0
p_152125_9_,tileHeight,0
p_152340_1_,imageStream,0
p_152343_1_,callableToSchedule,0
p_152344_1_,runnableToSchedule,2
p_152361_1_,configManager,2
p_152372_1_,sender,2
p_152372_2_,command,2
p_152372_4_,msgFormat,2
p_152372_5_,msgParams,2
p_152373_0_,sender,2
p_152373_1_,command,2
p_152373_2_,msgFormat,2
p_152373_3_,msgParams,2
p_152374_0_,sender,2
p_152374_1_,command,2
p_152374_3_,msgFormat,2
p_152374_4_,msgParams,2
p_152378_1_,uuid,2
p_152421_0_,sessionTypeIn,0
p_152446_1_,input,2
p_152446_2_,depth,2
p_152446_3_,sizeTracker,2
p_152447_0_,input,2
p_152447_1_,sizeTracker,2
p_152448_0_,input,2
p_152448_1_,sizeTracker,2
p_152449_0_,id,2
p_152449_1_,key,2
p_152449_2_,input,2
p_152449_3_,depth,2
p_152449_4_,sizeTracker,2
p_152450_1_,bits,2
p_152459_0_,compound,2
p_152506_1_,original,2
p_152583_1_,serverDataIn,0
p_152584_1_,mode,0
p_152596_1_,profile,2
p_152597_1_,profile,2
p_152601_1_,profile,2
p_152602_1_,playerIn,2
p_152605_1_,profile,2
p_152607_1_,profile,2
p_152610_1_,profile,2
p_152611_1_,distance,2
p_152612_1_,username,2
p_152641_1_,data,2
p_152650_0_,server,2
p_152681_1_,obj,2
p_152682_1_,entryData,2
p_152683_1_,obj,2
p_152686_1_,state,2
p_152687_1_,entry,2
p_152692_1_,entry,2
p_152701_1_,profile,2
p_152702_1_,profile,2
p_152703_1_,username,2
p_152707_1_,address,2
p_152708_1_,address,2
p_152709_1_,address,2
p_152710_0_,server,1
p_152711_0_,dir,1
p_152712_0_,properties,1
p_152713_0_,input,1
p_152713_1_,defaultValue,1
p_152714_0_,properties,1
p_152715_0_,properties,1
p_152717_0_,server,2
p_152717_1_,names,2
p_152717_2_,callback,2
p_152718_0_,server,1
p_152721_0_,inFile,1
p_152721_1_,read,1
p_152722_0_,server,1
p_152723_0_,server,1
p_152724_0_,server,1
p_152725_0_,properties,1
p_152727_0_,convertedFile,1
p_152754_0_,base,0
p_152754_1_,key,0
p_152755_0_,url,0
p_154347_1_,inFile,1
p_174816_2_,worldIn,2
p_174862_0_,worldIn,2
p_174862_1_,fence,2
p_174863_0_,worldIn,2
p_174863_1_,pos,2
p_174867_1_,ticks,2
p_174876_1_,playerInventory,2
p_174876_2_,playerIn,2
p_174878_1_,posIn,2
p_174882_1_,playerIn,2
p_174884_0_,input,2
p_174885_1_,id,2
p_174885_2_,value,2
p_174886_1_,player,2
p_174887_1_,id,2
p_174889_1_,player,2
p_174892_1_,code,2
p_174953_1_,modelLocation,0
p_174959_1_,pos,2
p_174960_1_,pos,2
p_174962_1_,entityIn,0
p_174962_2_,partialTicks,0
p_174968_1_,worldRendererIn,0
p_174970_1_,viewEntity,0
p_174970_2_,partialTicks,0
p_174970_4_,camera,0
p_174970_5_,frameCount,0
p_174970_6_,playerSpectator,0
p_175068_1_,pass,0
p_175068_2_,partialTicks,0
p_175068_3_,finishNanoTime,0
p_175086_1_,packetIn,2
p_175087_1_,packetIn,2
p_175088_1_,packetIn,2
p_175093_1_,packetIn,2
p_175094_1_,packetIn,2
p_175095_1_,packetIn,2
p_175096_1_,packetIn,2
p_175097_1_,packetIn,2
p_175098_1_,packetIn,2
p_175099_1_,packetIn,2
p_175100_1_,packetIn,2
p_175101_1_,packetIn,2
p_175108_1_,worldIn,2
p_175111_0_,stack,2
p_175146_1_,code,2
p_175147_0_,username,2
p_175150_1_,reducedDebug,0
p_175211_1_,width,0
p_175237_1_,scaledResolutionIn,0
p_175273_1_,mcIn,0
p_175275_1_,msg,0
p_175281_1_,msg,0
p_175281_2_,addToChat,0
p_175397_1_,url,2
p_175397_2_,hash,2
p_175447_1_,worldIn,2
p_175576_1_,uuid,2
p_175579_1_,worldIn,2
p_175579_2_,pos,2
p_175579_3_,playerIn,2
p_175584_1_,worldNameIn,2
p_175584_2_,saveHandlerIn,2
p_175586_1_,callable,2
p_175623_1_,pos,2
p_175625_1_,pos,2
p_175627_1_,pos,2
p_175627_2_,direction,2
p_175639_1_,box,2
p_175639_2_,allowEmpty,2
p_175640_1_,pos,2
p_175641_1_,pos,2
p_175641_2_,blockIn,2
p_175641_3_,eventID,2
p_175641_4_,eventParam,2
p_175642_1_,type,2
p_175642_2_,pos,2
p_175645_1_,pos,2
p_175647_1_,clazz,2
p_175647_2_,aabb,2
p_175647_3_,filter,2
p_175648_1_,center,2
p_175648_2_,radius,2
p_175648_3_,allowEmpty,2
p_175649_1_,pos,2
p_175650_1_,entityCollection,2
p_175651_1_,pos,2
p_175651_2_,facing,2
p_175653_1_,type,2
p_175653_2_,pos,2
p_175653_3_,lightValue,2
p_175655_1_,pos,2
p_175655_2_,dropBlock,2
p_175656_1_,pos,2
p_175656_2_,state,2
p_175661_1_,clazz,2
p_175661_2_,filter,2
p_175663_1_,xStart,2
p_175663_2_,yStart,2
p_175663_3_,zStart,2
p_175663_4_,xEnd,2
p_175663_5_,yEnd,2
p_175663_6_,zEnd,2
p_175663_7_,allowEmpty,2
p_175666_1_,pos,2
p_175666_2_,blockIn,2
p_175667_1_,pos,2
p_175668_1_,pos,2
p_175668_2_,allowEmpty,2
p_175671_1_,pos,2
p_175676_1_,pos,2
p_175678_1_,pos,2
p_175679_1_,pos,2
p_175680_1_,x,2
p_175680_2_,z,2
p_175680_3_,allowEmpty,2
p_175681_1_,entityCollection,2
p_175684_1_,pos,2
p_175684_2_,blockIn,2
p_175684_3_,delay,2
p_175685_1_,pos,2
p_175685_2_,blockType,2
p_175689_1_,pos,2
p_175691_1_,pos,2
p_175691_2_,blockType,2
p_175692_1_,newSkylightSubtracted,2
p_175695_1_,pos,2
p_175695_2_,blockType,2
p_175695_3_,skipSide,2
p_175697_1_,center,2
p_175697_2_,radius,2
p_175698_1_,pos,2
p_175699_1_,pos,2
p_175700_1_,tile,2
p_175701_1_,pos,2
p_175702_1_,lastLightningBoltIn,2
p_175703_1_,pos,2
p_175704_1_,rangeMin,2
p_175704_2_,rangeMax,2
p_175705_1_,type,0
p_175706_1_,from,2
p_175706_2_,to,2
p_175706_3_,allowEmpty,2
p_175707_1_,from,2
p_175707_2_,to,2
p_175709_1_,pos,2
p_175709_2_,side,2
p_175710_1_,pos,2
p_175711_1_,box,2
p_175713_1_,pos,2
p_175715_1_,breakerId,2
p_175715_2_,pos,2
p_175715_3_,progress,2
p_175721_1_,pos,2
p_175721_2_,checkNeighbors,2
p_175722_1_,pos,2
p_175722_2_,blockType,2
p_175724_1_,pos,2
p_175726_1_,pos,2
p_175733_1_,uuid,2
p_175750_0_,category,2
p_175750_1_,pos,2
p_175750_2_,state,2
p_175755_0_,input,2
p_175756_0_,input,2
p_175756_1_,min,2
p_175756_3_,max,2
p_175757_0_,sender,2
p_175757_1_,args,2
p_175760_0_,input,2
p_175760_1_,min,2
p_175760_3_,max,2
p_175764_0_,input,2
p_175764_1_,min,2
p_175764_2_,max,2
p_175765_0_,input,2
p_175766_0_,input,2
p_175769_0_,base,2
p_175769_2_,input,2
p_175769_3_,min,2
p_175769_4_,max,2
p_175769_5_,centerBlock,2
p_175783_1_,shortcut,2
p_175789_1_,worldIn,2
p_175792_2_,worldIn,2
p_175794_1_,worldIn,2
p_175796_1_,worldIn,2
p_175804_1_,worldIn,2
p_175805_1_,worldIn,2
p_175806_1_,worldIn,2
p_175807_1_,worldIn,2
p_175808_1_,worldIn,2
p_175809_1_,worldIn,2
p_175810_1_,worldIn,2
p_175811_1_,worldIn,2
p_175817_1_,worldIn,2
p_175819_1_,worldIn,2
p_175821_1_,worldIn,2
p_175835_1_,worldIn,2
p_175837_1_,worldIn,2
p_175838_1_,worldIn,2
p_175839_1_,worldIn,2
p_175840_3_,worldIn,2
p_175841_1_,worldIn,2
p_175842_1_,worldIn,2
p_175903_1_,worldIn,2
p_175905_1_,worldIn,2
p_175906_1_,worldIn,2
p_175921_1_,worldIn,2
p_175922_1_,worldIn,2
p_175923_1_,worldIn,2
p_175924_1_,worldIn,2
p_175925_1_,worldIn,2
p_175926_1_,worldIn,2
p_175927_2_,worldIn,2
p_175928_1_,worldIn,2
p_175929_1_,worldIn,2
p_175930_1_,worldIn,2
p_175932_1_,worldIn,2
p_175933_1_,worldIn,2
p_175934_1_,worldIn,2
p_176052_2_,worldIn,2
p_176061_1_,centerPos,2
p_176061_2_,direction,2
p_176061_3_,limitation,2
p_176119_1_,hardcoreIn,2
p_176121_1_,allow,2
p_176122_1_,amountOfBlocks,2
p_176124_1_,posX,2
p_176125_1_,damage,2
p_176127_1_,settings,2
p_176128_1_,enabled,2
p_176129_1_,amount,2
p_176135_1_,time,2
p_176136_1_,ticks,2
p_176141_1_,posZ,2
p_176143_1_,spawnPoint,2
p_176144_1_,newDifficulty,2
p_176145_1_,size,2
p_176193_1_,worldIn,2
p_176193_2_,pos,2
p_176193_3_,side,2
p_176193_4_,stack,2
p_176195_1_,worldIn,2
p_176195_2_,pos,2
p_176196_1_,worldIn,2
p_176196_2_,pos,2
p_176197_1_,worldIn,2
p_176197_2_,pos,2
p_176197_3_,entityIn,2
p_176197_4_,motion,2
p_176198_1_,worldIn,2
p_176198_2_,pos,2
p_176198_3_,side,2
p_176199_1_,worldIn,2
p_176199_2_,pos,2
p_176199_3_,entityIn,2
p_176200_1_,worldIn,2
p_176200_2_,pos,2
p_176201_1_,state,2
p_176202_1_,worldIn,0
p_176202_2_,pos,0
p_176203_1_,meta,2
p_176204_1_,worldIn,2
p_176204_2_,pos,2
p_176204_3_,state,2
p_176204_4_,neighborBlock,2
p_176205_1_,worldIn,2
p_176205_2_,pos,2
p_176206_1_,worldIn,2
p_176206_2_,pos,2
p_176206_3_,state,2
p_176207_1_,worldIn,0
p_176207_2_,pos,0
p_176208_1_,worldIn,2
p_176208_2_,pos,2
p_176208_3_,state,2
p_176208_4_,player,2
p_176209_1_,state,2
p_176209_2_,hitIfLiquid,2
p_176210_0_,state,2
p_176211_1_,worldIn,2
p_176211_2_,pos,2
p_176211_3_,state,2
p_176211_4_,side,2
p_176212_1_,worldIn,2
p_176212_2_,pos,2
p_176212_3_,side,2
p_176213_1_,worldIn,2
p_176213_2_,pos,2
p_176213_3_,state,2
p_176215_0_,id,2
p_176215_1_,textualID,2
p_176215_2_,block_,2
p_176216_1_,worldIn,2
p_176216_2_,entityIn,2
p_176217_1_,state,0
p_176219_0_,id,2
p_176219_1_,textualID,2
p_176219_2_,block_,2
p_176220_0_,id,2
p_176221_1_,state,2
p_176221_2_,worldIn,2
p_176221_3_,pos,2
p_176222_1_,worldIn,2
p_176222_2_,pos,2
p_176224_1_,worldIn,2
p_176224_2_,pos,2
p_176225_1_,worldIn,0
p_176225_2_,pos,0
p_176225_3_,side,0
p_176226_1_,worldIn,2
p_176226_2_,pos,2
p_176226_3_,state,2
p_176226_4_,forture,2
p_176232_1_,state,2
p_176233_1_,meta,2
p_176234_1_,worldIn,2
p_176234_2_,pos,2
p_176234_3_,state,2
p_176234_4_,chance,2
p_176235_1_,worldIn,2
p_176235_2_,pos,2
p_176253_1_,worldIn,2
p_176253_2_,pos,2
p_176260_1_,worldIn,2
p_176260_2_,pos,2
p_176260_3_,hookState,2
p_176261_1_,worldIn,2
p_176261_2_,pos,2
p_176261_3_,state,2
p_176262_1_,worldIn,2
p_176267_0_,side,2
p_176268_0_,state,2
p_176269_1_,worldIn,2
p_176269_2_,pos,2
p_176269_3_,state,2
p_176270_0_,face,2
p_176281_0_,meta,2
p_176282_0_,facing,2
p_176286_1_,worldIn,2
p_176286_2_,pos,2
p_176286_3_,state,2
p_176287_0_,worldIn,2
p_176287_1_,pos,2
p_176287_2_,state,2
p_176287_3_,direction,2
p_176288_1_,worldIn,2
p_176288_2_,pos,2
p_176302_0_,worldIn,2
p_176302_1_,pos,2
p_176302_2_,state,2
p_176303_1_,worldIn,2
p_176303_2_,pos,2
p_176311_1_,worldIn,2
p_176311_2_,pos,2
p_176311_3_,state,2
p_176312_1_,worldIn,2
p_176312_2_,pos,2
p_176314_1_,worldIn,2
p_176316_1_,worldIn,2
p_176316_2_,pos,2
p_176316_3_,state,2
p_176317_0_,meta,2
p_176318_1_,worldIn,2
p_176318_2_,pos,2
p_176318_3_,facing,2
p_176319_1_,worldIn,2
p_176319_2_,pos,2
p_176319_3_,direction,2
p_176319_4_,extending,2
p_176322_0_,meta,2
p_176323_1_,state,2
p_176324_1_,state,2
p_176328_1_,worldIn,2
p_176328_2_,pos,2
p_176328_3_,state,2
p_176329_1_,worldIn,2
p_176329_2_,pos,2
p_176337_1_,powerLevel,0
p_176338_1_,worldIn,2
p_176340_0_,worldIn,2
p_176340_1_,pos,2
p_176341_1_,worldIn,2
p_176341_2_,pos,2
p_176341_3_,direction,2
p_176342_1_,worldIn,2
p_176342_2_,pos,2
p_176342_3_,strength,2
p_176343_0_,blockState,2
p_176343_1_,side,2
p_176344_1_,worldIn,2
p_176345_1_,worldIn,2
p_176346_0_,state,2
p_176352_1_,worldIn,2
p_176352_2_,pos,2
p_176353_1_,worldIn,2
p_176353_3_,state,2
p_176354_1_,worldIn,2
p_176354_2_,pos,2
p_176356_1_,worldIn,2
p_176356_2_,pos,2
p_176357_0_,facing,2
p_176358_1_,worldIn,2
p_176358_2_,pos,2
p_176361_0_,materialIn,2
p_176362_1_,worldIn,2
p_176362_2_,pos,2
p_176363_0_,materialIn,2
p_176365_1_,worldIn,2
p_176365_2_,pos,2
p_176365_3_,state,2
p_176366_1_,worldIn,2
p_176366_2_,pos,2
p_176368_1_,worldIn,2
p_176369_1_,worldIn,2
p_176369_2_,pos,2
p_176370_1_,worldIn,2
p_176371_1_,worldIn,2
p_176371_2_,pos,2
p_176371_3_,currentMinLevel,2
p_176372_1_,worldIn,2
p_176372_2_,pos,2
p_176372_3_,state,2
p_176373_1_,worldIn,2
p_176373_2_,pos,2
p_176373_3_,state,2
p_176374_1_,worldIn,2
p_176374_2_,pos,2
p_176374_3_,distance,2
p_176374_4_,calculateFlowCost,2
p_176375_1_,worldIn,2
p_176375_2_,pos,2
p_176375_3_,state,2
p_176375_4_,level,2
p_176376_1_,worldIn,2
p_176376_2_,pos,2
p_176377_0_,blockState,2
p_176381_1_,worldIn,2
p_176381_2_,pos,2
p_176381_3_,facing,2
p_176390_1_,worldIn,2
p_176390_2_,pos,2
p_176397_1_,worldIn,2
p_176397_2_,pos,2
p_176397_3_,state,2
p_176398_1_,worldIn,2
p_176398_2_,pos,2
p_176398_3_,state,2
p_176399_1_,state,2
p_176400_1_,worldIn,2
p_176400_2_,pos,2
p_176400_3_,state,2
p_176401_1_,worldIn,2
p_176401_2_,pos,2
p_176401_3_,side,2
p_176402_1_,worldIn,2
p_176402_2_,pos,2
p_176402_3_,state,2
p_176403_1_,state,2
p_176404_1_,worldIn,2
p_176404_2_,pos,2
p_176404_3_,state,2
p_176405_1_,worldIn,2
p_176405_2_,pos,2
p_176405_3_,state,2
p_176406_1_,state,2
p_176407_1_,worldIn,2
p_176407_2_,pos,2
p_176407_3_,state,2
p_176408_1_,worldIn,2
p_176408_2_,pos,2
p_176408_3_,state,2
p_176409_1_,worldIn,2
p_176409_2_,pos,2
p_176415_1_,worldIn,2
p_176415_2_,pos,2
p_176415_3_,stack,2
p_176422_1_,worldIn,2
p_176422_2_,pos,2
p_176423_0_,state,2
p_176423_1_,facing,2
p_176423_2_,extending,2
p_176423_3_,renderHead,2
p_176424_1_,worldIn,2
p_176424_2_,pos,2
p_176424_3_,extendingBlock,2
p_176424_4_,progress,2
p_176424_5_,direction,2
p_176427_1_,worldIn,2
p_176427_2_,pos,2
p_176427_3_,state,2
p_176428_0_,meta,2
p_176431_1_,worldIn,2
p_176431_2_,pos,2
p_176431_3_,state,2
p_176431_4_,recordStack,2
p_176433_1_,id,2
p_176438_1_,worldIn,2
p_176438_2_,pos,2
p_176438_3_,state,2
p_176439_1_,worldIn,2
p_176439_2_,pos,2
p_176442_1_,worldIn,2
p_176442_2_,pos,2
p_176445_1_,worldIn,2
p_176445_2_,pos,2
p_176445_3_,state,2
p_176446_0_,active,2
p_176446_1_,worldIn,2
p_176446_2_,pos,2
p_176450_0_,worldIn,2
p_176450_1_,glassPos,2
p_176453_1_,worldIn,2
p_176453_2_,pos,2
p_176454_1_,worldIn,2
p_176454_2_,pos,2
p_176455_1_,worldIn,2
p_176455_2_,pos,2
p_176455_3_,state,2
p_176456_1_,worldIn,2
p_176456_2_,pos,2
p_176457_1_,worldIn,2
p_176457_2_,pos,2
p_176458_1_,worldIn,2
p_176458_2_,pos,2
p_176458_3_,state,2
p_176460_1_,worldIn,2
p_176460_2_,pos,2
p_176460_3_,state,2
p_176461_1_,worldIn,2
p_176461_2_,facing,2
p_176461_3_,pos,2
p_176462_1_,worldIn,2
p_176462_2_,pos,2
p_176462_3_,state,2
p_176468_0_,worldIn,2
p_176468_1_,pos,2
p_176468_2_,tries,2
p_176469_0_,worldIn,2
p_176469_1_,pos,2
p_176470_1_,worldIn,2
p_176470_2_,pos,2
p_176473_1_,worldIn,2
p_176473_2_,pos,2
p_176473_3_,state,2
p_176473_4_,isClient,2
p_176474_1_,worldIn,2
p_176474_2_,rand,2
p_176474_3_,pos,2
p_176474_4_,state,2
p_176475_1_,worldIn,2
p_176475_2_,pos,2
p_176475_3_,state,2
p_176476_1_,worldIn,2
p_176476_2_,pos,2
p_176476_3_,state,2
p_176476_4_,rand,2
p_176477_1_,worldIn,2
p_176477_2_,pos,2
p_176477_3_,type,2
p_176478_1_,worldIn,2
p_176478_2_,pos,2
p_176478_3_,state,2
p_176478_4_,rand,2
p_176482_1_,worldIn,2
p_176482_2_,pos,2
p_176482_3_,state,2
p_176485_1_,worldIn,2
p_176485_2_,pos,2
p_176485_3_,state,2
p_176485_4_,rand,2
p_176487_1_,worldIn,2
p_176487_2_,pos,2
p_176487_3_,state,2
p_176489_1_,worldIn,2
p_176489_2_,pos,2
p_176489_3_,state,2
p_176489_4_,player,2
p_176490_1_,worldIn,2
p_176490_2_,pos,2
p_176491_1_,worldIn,2
p_176491_2_,lowerPos,2
p_176491_3_,variant,2
p_176491_4_,flags,2
p_176499_1_,worldIn,2
p_176499_2_,pos,2
p_176499_3_,state,2
p_176500_1_,worldIn,2
p_176500_2_,pos,2
p_176500_3_,state,2
p_176502_1_,worldIn,2
p_176502_2_,pos,2
p_176503_1_,worldIn,2
p_176503_2_,pos,2
p_176510_0_,meta,2
p_176511_0_,combinedMeta,2
p_176512_1_,worldIn,2
p_176512_2_,pos,2
p_176512_3_,open,2
p_176513_0_,combinedMeta,2
p_176514_0_,worldIn,2
p_176514_1_,pos,2
p_176515_0_,worldIn,2
p_176515_1_,pos,2
p_176516_0_,combinedMeta,2
p_176517_0_,worldIn,2
p_176517_1_,pos,2
p_176518_0_,meta,2
p_176524_1_,worldIn,2
p_176524_2_,pos,2
p_176529_1_,worldIn,2
p_176529_2_,pos,2
p_176530_1_,worldIn,2
p_176530_2_,pos,2
p_176532_1_,blockIn,2
p_176533_1_,worldIn,2
p_176533_2_,pos,2
p_176534_1_,blockIn,2
p_176535_1_,worldIn,2
p_176535_2_,pos,2
p_176536_1_,worldIn,2
p_176536_2_,pos,2
p_176536_3_,chance,2
p_176536_4_,random,2
p_176536_5_,age,2
p_176537_1_,worldIn,2
p_176537_2_,pos,2
p_176538_1_,worldIn,2
p_176538_2_,pos,2
p_176548_1_,worldIn,2
p_176549_0_,axis,2
p_176553_1_,stack,2
p_176561_1_,worldIn,2
p_176561_2_,pos,2
p_176561_3_,state,2
p_176561_4_,neighborBlock,2
p_176562_0_,worldIn,2
p_176562_1_,pos,2
p_176563_0_,state,2
p_176564_1_,worldIn,2
p_176566_1_,worldIn,2
p_176566_2_,pos,2
p_176566_3_,state,2
p_176567_1_,worldIn,2
p_176567_4_,distance,2
p_176570_1_,worldIn,2
p_176570_2_,pos,2
p_176570_3_,state,2
p_176571_1_,worldIn,2
p_176571_2_,pos,2
p_176571_3_,clazz,2
p_176571_4_,filter,2
p_176572_1_,pos,2
p_176577_1_,worldIn,2
p_176577_2_,pos,2
p_176578_1_,worldIn,2
p_176578_2_,pos,2
p_176582_1_,worldIn,2
p_176582_2_,pos,2
p_176582_3_,facing,2
p_176583_1_,worldIn,2
p_176583_2_,pos,2
p_176583_3_,state,2
p_176586_1_,worldIn,2
p_176586_2_,pos,2
p_176588_1_,worldIn,2
p_176588_2_,pos,2
p_176590_1_,worldIn,2
p_176590_2_,pos,2
p_176590_3_,state,2
p_176590_4_,level,2
p_176592_1_,worldIn,2
p_176592_2_,pos,2
p_176592_3_,state,2
p_176593_1_,worldIn,2
p_176593_2_,pos,2
p_176593_3_,state,2
p_176594_1_,worldIn,2
p_176594_2_,pos,2
p_176595_1_,worldIn,2
p_176595_2_,pos,2
p_176595_3_,facing,2
p_176597_1_,worldIn,2
p_176597_2_,pos,2
p_176597_3_,state,2
p_176598_1_,worldIn,2
p_176598_2_,pos,2
p_176598_3_,turnOff,2
p_176601_1_,facing,2
p_176613_0_,meta,2
p_176625_0_,meta,2
p_176643_0_,meta,2
p_176660_0_,meta,2
p_176673_0_,meta,2
p_176686_0_,meta,2
p_176717_0_,name,0
p_176718_1_,facing,2
p_176732_1_,axis,0
p_176733_0_,angle,2
p_176739_0_,name,0
p_176741_0_,rand,2
p_176764_0_,meta,2
p_176766_0_,damage,2
p_176794_0_,meta,2
p_176810_0_,meta,2
p_176825_0_,meta,2
p_176837_0_,meta,2
p_176853_0_,meta,2
p_176856_0_,clickedSide,2
p_176856_1_,entityFacing,2
p_176870_0_,axis,2
p_176878_0_,model,2
p_176879_0_,meta,2
p_176895_0_,meta,2
p_176916_0_,meta,2
p_176924_0_,metadata,2
p_176938_0_,meta,2
p_176967_0_,blockType,2
p_176967_1_,meta,2
p_177016_0_,meta,2
p_177045_0_,meta,2
p_177055_0_,name,0
p_177055_1_,textureId,0
p_177055_2_,mipmapLevels,0
p_177055_3_,width,0
p_177055_4_,height,0
p_177062_1_,state,2
p_177218_1_,facing,2
p_177226_1_,property,2
p_177226_2_,value,2
p_177229_1_,property,2
p_177231_1_,property,2
p_177232_0_,values,2
p_177232_1_,currentValue,2
p_177235_1_,map,2
p_177236_1_,property,2
p_177236_2_,value,2
p_177251_1_,origin,2
p_177409_1_,hasEntitiesIn,2
p_177411_1_,pos,2
p_177411_2_,chunkManager,2
p_177415_1_,newInhabitedTime,2
p_177418_1_,pos,2
p_177420_1_,newHeightMap,2
p_177421_1_,lightPopulated,2
p_177422_1_,pos,2
p_177425_1_,pos,2
p_177426_1_,pos,2
p_177426_2_,tileEntityIn,2
p_177427_1_,modified,2
p_177428_1_,pos,2
p_177432_1_,saveTime,2
p_177433_1_,pos,2
p_177435_1_,pos,2
p_177437_1_,pos,2
p_177438_1_,x,2
p_177438_2_,y,2
p_177438_3_,z,2
p_177444_1_,pos,2
p_177446_1_,terrainPopulated,2
p_177452_1_,player,2
p_177453_1_,player,2
p_177459_1_,blockPosIn,2
p_177480_1_,index,2
p_177482_1_,index,2
p_177482_2_,value,2
p_177483_1_,x,2
p_177483_2_,y,2
p_177483_3_,z,2
p_177484_1_,x,2
p_177484_2_,y,2
p_177484_3_,z,2
p_177484_4_,state,2
p_177485_1_,x,2
p_177485_2_,y,2
p_177485_3_,z,2
p_177486_1_,dataArray,2
p_177520_1_,facing,0
p_177520_2_,vertexIndex,0
p_177548_1_,left,2
p_177548_2_,right,2
p_177568_1_,property,2
p_177578_1_,modelBlockIn,0
p_177578_2_,modelRotationIn,0
p_177578_3_,uvLocked,0
p_177630_0_,random,2
p_177631_0_,random,2
p_177631_2_,dispenser,2
p_177642_0_,blockType,2
p_177643_1_,state,2
p_177681_1_,worldIn,2
p_177690_1_,border,2
p_177690_2_,newDistance,2
p_177691_1_,border,2
p_177691_2_,newTime,2
p_177692_1_,border,2
p_177692_2_,oldSize,2
p_177692_4_,newSize,2
p_177692_6_,time,2
p_177693_1_,border,2
p_177693_2_,x,2
p_177693_4_,z,2
p_177694_1_,border,2
p_177694_2_,newSize,2
p_177695_1_,border,2
p_177695_2_,newSize,2
p_177696_1_,border,2
p_177696_2_,newAmount,2
p_177702_1_,value,2
p_177705_1_,value,2
p_177706_0_,name,2
p_177706_1_,clazz,2
p_177706_2_,values,2
p_177707_0_,name,2
p_177707_1_,clazz,2
p_177707_2_,values,2
p_177708_0_,name,2
p_177708_1_,clazz,2
p_177708_2_,filter,2
p_177709_0_,name,2
p_177709_1_,clazz,2
p_177712_0_,name,2
p_177712_1_,filter,2
p_177713_0_,name,2
p_177713_1_,values,2
p_177714_0_,name,2
p_177715_1_,value,2
p_177716_0_,name,2
p_177718_1_,value,2
p_177719_0_,name,2
p_177719_1_,min,2
p_177719_2_,max,2
p_177723_1_,warningTime,2
p_177724_1_,bufferSize,2
p_177725_1_,size,2
p_177729_1_,x,2
p_177729_3_,z,2
p_177730_1_,range,2
p_177737_1_,listener,2
p_177738_1_,oldSize,2
p_177738_3_,newSize,2
p_177738_5_,time,2
p_177739_1_,x,2
p_177739_3_,z,2
p_177743_1_,bb,2
p_177744_1_,newAmount,2
p_177745_1_,entityIn,2
p_177746_1_,pos,2
p_177747_1_,warningDistance,2
p_177750_1_,newSize,2
p_177855_1_,x,2
p_177855_2_,y,2
p_177855_3_,z,2
p_177855_4_,state,2
p_177856_1_,x,2
p_177856_2_,y,2
p_177856_3_,z,2
p_177857_1_,index,2
p_177857_2_,state,2
p_177858_1_,index,2
p_177951_1_,to,2
p_177953_1_,vec,2
p_177954_1_,toX,2
p_177954_3_,toY,2
p_177954_5_,toZ,2
p_177955_1_,vec,2
p_177957_1_,xIn,2
p_177957_3_,yIn,2
p_177957_5_,zIn,2
p_177963_1_,x,2
p_177963_3_,y,2
p_177963_5_,z,2
p_177964_1_,n,2
p_177965_1_,n,2
p_177966_1_,factor,2
p_177967_1_,facing,2
p_177967_2_,n,2
p_177969_0_,serialized,2
p_177970_1_,n,2
p_177971_1_,vec,2
p_177972_1_,facing,2
p_177973_1_,vec,0
p_177975_0_,from,2
p_177975_1_,to,2
p_177979_1_,n,2
p_177980_0_,from,2
p_177980_1_,to,2
p_177981_1_,n,2
p_177982_1_,x,2
p_177982_2_,y,2
p_177982_3_,z,2
p_177983_1_,vec,2
p_177985_1_,n,2
p_178121_1_,assoc,0
p_178121_2_,stateMapper,0
p_178122_1_,state,0
p_178123_1_,builtIns,0
p_178125_1_,state,0
p_178144_0_,te,2
p_178159_1_,renderDistanceChunks,0
p_178163_1_,viewEntityX,0
p_178163_3_,viewEntityZ,0
p_178170_1_,stack,2
p_178173_0_,stack,2
p_178204_1_,blockAccessIn,0
p_178204_2_,blockIn,0
p_178204_3_,blockPosIn,0
p_178204_4_,facingIn,0
p_178204_5_,quadBounds,0
p_178204_6_,boundsFlags,0
p_178258_1_,blockAccessIn,0
p_178258_2_,modelIn,0
p_178258_3_,blockIn,0
p_178258_4_,blockPosIn,0
p_178258_5_,worldRendererIn,0
p_178258_6_,checkSides,0
p_178260_1_,blockAccessIn,0
p_178260_2_,blockIn,0
p_178260_3_,blockPosIn,0
p_178260_4_,faceIn,0
p_178260_5_,brightnessIn,0
p_178260_6_,ownBrightness,0
p_178260_7_,worldRendererIn,0
p_178260_8_,listQuadsIn,0
p_178260_9_,boundsFlags,0
p_178261_1_,blockIn,0
p_178261_2_,vertexData,0
p_178261_3_,facingIn,0
p_178261_4_,quadBounds,0
p_178261_5_,boundsFlags,0
p_178263_1_,blockAccessIn,0
p_178263_2_,blockIn,0
p_178263_3_,blockPosIn,0
p_178263_4_,worldRendererIn,0
p_178263_5_,listQuadsIn,0
p_178263_6_,quadBounds,0
p_178263_7_,boundsFlags,0
p_178263_8_,aoFaceIn,0
p_178265_1_,blockAccessIn,0
p_178265_2_,modelIn,0
p_178265_3_,blockIn,0
p_178265_4_,blockPosIn,0
p_178265_5_,worldRendererIn,0
p_178265_6_,checkSides,0
p_178267_1_,blockAccessIn,0
p_178267_2_,modelIn,0
p_178267_3_,blockStateIn,0
p_178267_4_,blockPosIn,0
p_178267_5_,worldRendererIn,0
p_178267_6_,checkSides,0
p_178402_1_,faceData,0
p_178402_10_,shade,0
p_178402_2_,vertexIndex,0
p_178402_3_,facing,0
p_178402_4_,partFace,0
p_178402_6_,sprite,0
p_178402_7_,modelRotationIn,0
p_178402_8_,partRotation,0
p_178402_9_,uvLocked,0
p_178403_1_,pos1,0
p_178403_2_,pos2,0
p_178404_1_,faceData,0
p_178404_2_,storeIndex,0
p_178404_3_,vertexIndex,0
p_178404_4_,position,0
p_178404_5_,shadeColor,0
p_178404_6_,sprite,0
p_178404_7_,faceUV,0
p_178405_8_,shade,0
p_178406_1_,position,0
p_178406_2_,rotationOrigin,0
p_178406_3_,rotationMatrix,0
p_178406_4_,scale,0
p_178414_1_,posFrom,0
p_178414_2_,posTo,0
p_178414_3_,face,0
p_178414_4_,sprite,0
p_178414_5_,facing,0
p_178414_6_,modelRotationIn,0
p_178414_7_,partRotation,0
p_178414_8_,uvLocked,0
p_178414_9_,shade,0
p_178415_1_,position,0
p_178415_2_,facing,0
p_178415_3_,vertexIndex,0
p_178415_4_,modelRotationIn,0
p_178415_5_,uvLocked,0
p_178470_1_,worldIn,0
p_178577_1_,frameIndexIn,0
p_178602_1_,worldIn,0
p_178767_1_,type,2
p_178781_0_,x1,2
p_178781_10_,z2,2
p_178781_2_,y1,2
p_178781_4_,z1,2
p_178781_6_,x2,2
p_178781_8_,y2,2
p_178785_1_,yaw,2
p_178786_1_,x,2
p_178786_3_,y,2
p_178786_5_,z,2
p_178787_1_,vec,2
p_178788_1_,vec,2
p_178789_1_,pitch,2
p_178819_1_,name,2
p_178822_1_,name,2
p_178822_2_,objective,2
p_178891_0_,mcIn,0
p_178892_1_,worldIn,0
p_178902_2_,worldIn,0
p_179214_0_,blockIn,2
p_179214_1_,itemIn,2
p_179215_1_,nbt,2
p_179216_0_,blockIn,2
p_179217_0_,id,2
p_179217_1_,textualID,2
p_179217_2_,itemIn,2
p_179218_1_,stack,2
p_179218_2_,worldIn,2
p_179218_3_,blockIn,2
p_179218_4_,pos,2
p_179218_5_,playerIn,2
p_179219_0_,id,2
p_179219_1_,textualID,2
p_179219_2_,itemIn,2
p_179221_1_,armorStand,2
p_179221_2_,rand,2
p_179222_1_,worldIn,0
p_179222_2_,pos,0
p_179222_3_,side,0
p_179222_4_,player,0
p_179222_5_,stack,0
p_179224_0_,worldIn,2
p_179224_1_,pos,2
p_179224_2_,stack,2
p_179225_1_,stack,2
p_179229_1_,stack,2
p_179229_2_,player,2
p_179230_0_,book,2
p_179232_1_,stack,2
p_179232_2_,player,2
p_179232_3_,worldIn,2
p_179232_4_,target,2
p_179232_5_,newState,2
p_179233_1_,worldIn,2
p_179233_2_,pos,2
p_179233_3_,clickedSide,2
p_179234_0_,stack,2
p_179234_1_,worldIn,2
p_179234_2_,target,2
p_179235_0_,worldIn,2
p_179235_1_,pos,2
p_179235_2_,facing,2
p_179235_3_,door,2
p_179237_1_,other,2
p_179238_1_,idx,2
p_179244_1_,direction,2
p_179244_2_,packetId,2
p_179245_1_,direction,2
p_179245_2_,packetClass,2
p_179246_1_,direction,2
p_179246_2_,packetIn,2
p_179249_1_,value,2
p_179250_1_,array,2
p_179252_1_,uuid,2
p_179254_1_,value,2
p_179255_1_,pos,2
p_179256_1_,component,2
p_179257_1_,enumClass,2
p_179288_1_,packetIn,2
p_179288_2_,listener,2
p_179288_3_,listeners,2
p_179289_1_,treshold,2
p_179290_1_,packetIn,2
p_179298_1_,ctx,2
p_179298_2_,input,2
p_179298_3_,output,2
p_179299_1_,treshold,2
p_179303_1_,treshold,2
p_179318_0_,clazz,2
p_179318_1_,sets,2
p_179321_0_,sets,2
p_179322_0_,clazz,2
p_179322_1_,it,2
p_179323_0_,arrays,2
p_179324_1_,array,2
p_179399_0_,keys,2
p_179399_1_,values,2
p_179399_2_,map,2
p_179400_0_,keys,2
p_179400_1_,values,2
p_179401_1_,recipeList,2
p_179401_2_,random,2
p_179474_1_,worldIn,2
p_179488_1_,worldIn,2
p_179518_1_,rand,2
p_179519_1_,facing,2
p_179541_1_,stack,2
p_179543_1_,key,2
p_179543_2_,create,2
p_179544_1_,blockIn,2
p_179545_0_,stackA,2
p_179545_1_,stackB,2
p_179546_1_,playerIn,2
p_179546_2_,worldIn,2
p_179546_3_,pos,2
p_179546_4_,side,2
p_179546_5_,hitX,2
p_179546_6_,hitY,2
p_179546_7_,hitZ,2
p_179547_1_,blockIn,2
p_179548_1_,worldIn,2
p_179548_2_,blockIn,2
p_179548_3_,pos,2
p_179548_4_,playerIn,2
p_179573_1_,stack,2
p_179574_1_,stack,2
p_179575_1_,stack,2
p_179576_1_,stack,2
p_179577_1_,stack,2
p_179578_1_,stack,2
p_179579_1_,stack,2
p_179580_1_,stack,2
p_179581_1_,stack,2
p_179582_1_,stack,2
p_179583_1_,stack,2
p_179584_1_,stack,2
p_179585_1_,stack,2
p_179586_1_,stack,2
p_179587_1_,stack,2
p_179588_1_,stack,2
p_179589_1_,stack,2
p_179660_4_,worldIn,2
p_179718_1_,handler,2
p_179721_1_,handler,2
p_179727_1_,worldIn,2
p_179728_1_,handler,2
p_179764_1_,worldIn,0
p_179780_1_,worldIn,0
p_179782_1_,handler,2
p_179882_1_,string,2
p_179885_1_,key,1
p_179885_2_,defaultValue,1
p_179989_1_,insertion,2
p_180038_0_,id,2
p_180102_1_,entityIn,2
p_180103_1_,entityIn,2
p_180115_1_,id,2
p_180130_1_,entityIn,2
p_180131_1_,entityIn,2
p_180133_1_,direction,2
p_180157_1_,nbt,2
p_180158_0_,nbt,2
p_180166_0_,collection,2
p_180173_0_,worldIn,2
p_180174_0_,worldIn,2
p_180175_0_,worldIn,2
p_180176_0_,worldIn,2
p_180180_1_,facing,2
p_180186_0_,pos,0
p_180187_0_,x,0
p_180187_1_,y,0
p_180187_2_,z,0
p_180194_1_,type,2
p_180195_1_,type,2
p_180200_1_,type,2
p_180202_1_,type,2
p_180236_1_,player,2
p_180236_2_,worldIn,2
p_180236_3_,stack,2
p_180262_1_,key,2
p_180262_2_,value,2
p_180262_3_,type,2
p_180263_1_,name,2
p_180264_1_,key,2
p_180264_2_,otherValue,2
p_180267_1_,worldIn,2
p_180292_1_,worldIn,2
p_180303_2_,worldIn,2
p_180331_1_,x,2
p_180331_2_,y,2
p_180331_3_,z,2
p_180344_1_,direction,2
p_180350_1_,type,2
p_180354_1_,type,2
p_180359_1_,pos,2
p_180416_1_,entityIn,2
p_180428_2_,worldIn,2
p_180430_1_,distance,2
p_180430_2_,damageMultiplier,2
p_180441_1_,breakerId,2
p_180441_2_,pos,2
p_180441_3_,progress,2
p_180444_1_,worldRendererIn,0
p_180458_0_,worldIn,2
p_180461_1_,index,2
p_180461_2_,stack,2
p_180461_3_,direction,2
p_180462_1_,index,2
p_180462_2_,itemStackIn,2
p_180462_3_,direction,2
p_180463_1_,side,2
p_180464_1_,packetIn,2
p_180467_0_,worldIn,2
p_180468_1_,guiOwner,2
p_180472_1_,villager,2
p_180473_1_,pos,2
p_180473_2_,forced,2
p_180494_1_,pos,2
p_180495_1_,pos,2
p_180496_1_,pos,2
p_180496_2_,blockIn,2
p_180501_1_,pos,2
p_180501_2_,newState,2
p_180501_3_,flags,2
p_180506_1_,sender,2
p_180506_2_,input,2
p_180506_3_,pos,2
p_180507_1_,url,2
p_180507_2_,hash,2
p_180513_1_,worldIn,2
p_180522_0_,pos,2
p_180523_0_,category,2
p_180523_1_,pos,2
p_180523_2_,blockIn,2
p_180523_3_,blockData,2
p_180524_1_,sender,2
p_180524_2_,input,2
p_180524_3_,pos,2
p_180525_1_,sender,2
p_180525_2_,args,2
p_180525_3_,pos,2
p_180526_0_,input,2
p_180526_1_,min,2
p_180527_0_,input,2
p_180528_0_,input,2
p_180528_1_,min,2
p_180530_0_,components,2
p_180545_1_,entityBanner,0
p_180597_1_,worldIn,0
p_180612_1_,worldIn,0
p_180614_1_,stack,2
p_180614_2_,playerIn,2
p_180614_3_,worldIn,2
p_180614_4_,pos,2
p_180614_5_,side,2
p_180614_6_,hitX,2
p_180614_7_,hitY,2
p_180614_8_,hitZ,2
p_180615_1_,stack,2
p_180615_2_,worldIn,2
p_180615_3_,pos,2
p_180615_4_,variantInStack,2
p_180616_1_,worldIn,2
p_180616_2_,pos,2
p_180617_0_,worldIn,0
p_180617_1_,pos,0
p_180617_2_,amount,0
p_180618_0_,player,2
p_180618_1_,worldIn,2
p_180618_2_,fence,2
p_180619_1_,y,2
p_180621_0_,worldIn,2
p_180622_1_,worldIn,2
p_180624_1_,worldIn,2
p_180628_1_,worldIn,2
p_180630_1_,x,2
p_180630_2_,z,2
p_180630_3_,range,2
p_180630_4_,biomes,2
p_180630_5_,random,2
p_180632_1_,state,2
p_180633_1_,worldIn,2
p_180633_2_,pos,2
p_180633_3_,state,2
p_180633_4_,placer,2
p_180633_5_,stack,2
p_180634_1_,worldIn,2
p_180634_2_,pos,2
p_180634_3_,state,2
p_180634_4_,entityIn,2
p_180635_0_,worldIn,2
p_180635_1_,pos,2
p_180635_2_,stack,2
p_180636_1_,worldIn,2
p_180636_2_,pos,2
p_180636_3_,start,2
p_180636_4_,end,2
p_180637_1_,worldIn,2
p_180637_2_,pos,2
p_180637_3_,amount,2
p_180638_1_,worldIn,2
p_180638_2_,pos,2
p_180638_3_,state,2
p_180638_4_,mask,2
p_180638_5_,list,2
p_180638_6_,collidingEntity,2
p_180639_1_,worldIn,2
p_180639_2_,pos,2
p_180639_3_,state,2
p_180639_4_,playerIn,2
p_180639_5_,side,2
p_180639_6_,hitX,2
p_180639_7_,hitY,2
p_180639_8_,hitZ,2
p_180640_1_,worldIn,2
p_180640_2_,pos,2
p_180640_3_,state,2
p_180641_1_,worldIn,2
p_180641_2_,pos,2
p_180642_1_,worldIn,2
p_180642_2_,pos,2
p_180642_3_,facing,2
p_180642_4_,hitX,2
p_180642_5_,hitY,2
p_180642_6_,hitZ,2
p_180642_7_,meta,2
p_180642_8_,placer,2
p_180643_1_,state,2
p_180644_1_,state,0
p_180645_1_,worldIn,2
p_180645_2_,pos,2
p_180645_3_,state,2
p_180645_4_,random,2
p_180646_1_,worldIn,0
p_180646_2_,pos,0
p_180647_1_,playerIn,2
p_180647_2_,worldIn,2
p_180647_3_,pos,2
p_180648_1_,worldIn,2
p_180648_2_,pos,2
p_180648_3_,state,2
p_180648_4_,eventID,2
p_180648_5_,eventParam,2
p_180649_1_,worldIn,2
p_180649_2_,pos,2
p_180649_3_,playerIn,2
p_180650_1_,worldIn,2
p_180650_2_,pos,2
p_180650_3_,state,2
p_180650_4_,rand,2
p_180651_1_,state,2
p_180652_1_,worldIn,2
p_180652_2_,pos,2
p_180652_3_,explosionIn,2
p_180653_1_,worldIn,2
p_180653_2_,pos,2
p_180653_3_,state,2
p_180653_4_,chance,2
p_180653_5_,fortune,2
p_180654_1_,worldIn,2
p_180654_2_,pos,2
p_180655_1_,worldIn,0
p_180655_2_,pos,0
p_180655_3_,state,0
p_180655_4_,rand,0
p_180656_1_,worldIn,2
p_180656_2_,pos,2
p_180656_3_,state,2
p_180656_4_,side,2
p_180657_1_,worldIn,2
p_180657_2_,player,2
p_180657_3_,pos,2
p_180657_4_,state,2
p_180657_5_,te,2
p_180658_1_,worldIn,2
p_180658_2_,pos,2
p_180658_3_,entityIn,2
p_180658_4_,fallDistance,2
p_180659_1_,state,2
p_180660_1_,state,2
p_180660_2_,rand,2
p_180660_3_,fortune,2
p_180662_1_,worldIn,0
p_180662_2_,pos,0
p_180662_3_,renderPass,0
p_180663_1_,worldIn,2
p_180663_2_,pos,2
p_180663_3_,state,2
p_180665_1_,worldIn,0
p_180665_2_,pos,0
p_180666_1_,worldIn,2
p_180666_2_,pos,2
p_180666_3_,state,2
p_180666_4_,oldRedstoneStrength,2
p_180667_1_,pos,2
p_180669_1_,worldIn,2
p_180669_2_,pos,2
p_180670_1_,worldIn,2
p_180670_2_,rand,2
p_180670_3_,pos,2
p_180670_4_,state,2
p_180671_1_,worldIn,2
p_180671_2_,pos,2
p_180671_3_,state,2
p_180672_0_,blockIn,2
p_180672_1_,worldIn,2
p_180672_2_,pos,2
p_180673_1_,worldIn,2
p_180673_2_,pos,2
p_180674_1_,unpoweredState,2
p_180675_1_,poweredState,2
p_180676_1_,worldIn,2
p_180676_2_,pos,2
p_180677_1_,worldIn,2
p_180677_2_,pos,2
p_180678_1_,worldIn,2
p_180678_2_,pos,2
p_180678_3_,state,2
p_180679_1_,worldIn,2
p_180679_2_,pos,2
p_180679_3_,te,2
p_180680_1_,worldIn,2
p_180680_2_,pos,2
p_180680_3_,state,2
p_180681_1_,state,2
p_180682_1_,worldIn,2
p_180682_2_,pos,2
p_180682_3_,state,2
p_180682_4_,player,2
p_180683_1_,worldIn,2
p_180683_2_,pos,2
p_180684_1_,worldIn,2
p_180684_2_,pos,2
p_180685_0_,worldIn,2
p_180685_1_,pos,2
p_180686_1_,blockIn,2
p_180686_2_,encouragement,2
p_180686_3_,flammability,2
p_180687_1_,worldIn,2
p_180687_2_,pos,2
p_180688_1_,worldIn,2
p_180688_2_,pos,2
p_180689_0_,worldIn,0
p_180689_1_,pos,0
p_180689_2_,materialIn,0
p_180690_1_,worldIn,2
p_180690_2_,pos,2
p_180690_3_,currentState,2
p_180691_1_,worldIn,2
p_180691_2_,pos,2
p_180692_1_,worldIn,2
p_180692_2_,pos,2
p_180692_3_,state,2
p_180692_4_,igniter,2
p_180693_1_,state,2
p_180694_1_,worldIn,2
p_180695_0_,worldIn,2
p_180695_1_,clickedBlock,2
p_180695_2_,entityIn,2
p_180696_0_,blockIn,2
p_180696_1_,worldIn,2
p_180696_2_,pos,2
p_180696_3_,direction,2
p_180696_4_,allowDestroy,2
p_180697_1_,pos,2
p_180701_1_,worldIn,2
p_180706_1_,worldIn,2
p_180709_1_,worldIn,2
p_180711_1_,worldIn,2
p_180714_1_,string,2
p_180724_1_,handler,2
p_180756_1_,handler,2
p_180757_1_,handler,2
p_180759_1_,handler,2
p_180761_1_,handler,2
p_180763_1_,handler,2
p_180765_1_,handler,2
p_180766_1_,handler,2
p_180767_1_,handler,2
p_180770_1_,handler,2
p_180773_1_,handler,2
p_180774_1_,handler,2
p_180775_1_,handler,2
p_180777_1_,worldIn,2
p_180778_1_,worldIn,2
p_180783_1_,locked,2
p_180786_0_,worldIn,0
p_180790_1_,slotIndex,0
p_180790_2_,x,0
p_180790_3_,y,0
p_180790_4_,listWidth,0
p_180790_5_,slotHeight,0
p_180790_6_,mouseX,0
p_180790_7_,mouseY,0
p_180790_8_,isSelected,0
p_70000_1_,playerSnooper,2
p_70001_1_,playerSnooper,2
p_70003_1_,permissionLevel,2
p_70003_2_,command,2
p_70011_1_,x,2
p_70011_3_,y,2
p_70011_5_,z,2
p_70012_1_,x,2
p_70012_3_,y,2
p_70012_5_,z,2
p_70012_7_,yaw,2
p_70012_8_,pitch,2
p_70014_1_,tagCompound,2
p_70015_1_,seconds,2
p_70016_1_,x,0
p_70016_3_,y,0
p_70016_5_,z,0
p_70019_1_,eating,2
p_70020_1_,tagCompund,2
p_70024_1_,x,2
p_70024_3_,y,2
p_70024_5_,z,2
p_70028_1_,entityIn,2
p_70029_1_,worldIn,2
p_70031_1_,sprinting,2
p_70032_1_,entityIn,2
p_70034_1_,rotation,2
p_70037_1_,tagCompund,2
p_70038_1_,x,2
p_70038_3_,y,2
p_70038_5_,z,2
p_70039_1_,tagCompund,2
p_70049_1_,numbers,2
p_70050_1_,air,2
p_70052_1_,flag,2
p_70052_2_,set,2
p_70055_1_,materialIn,2
p_70060_1_,strafe,2
p_70060_2_,forward,2
p_70060_3_,friction,2
p_70062_1_,slotIn,2
p_70062_2_,stack,2
p_70068_1_,entityIn,2
p_70074_1_,entityLivingIn,2
p_70077_1_,lightningBolt,2
p_70078_1_,entityIn,2
p_70080_1_,x,2
p_70080_3_,y,2
p_70080_5_,z,2
p_70080_7_,yaw,2
p_70080_8_,pitch,2
p_70081_1_,amount,2
p_70082_1_,yaw,0
p_70082_2_,pitch,0
p_70083_1_,flag,2
p_70084_1_,entityIn,2
p_70084_2_,amount,2
p_70085_1_,player,2
p_70087_1_,numbers,2
p_70091_1_,x,2
p_70091_3_,y,2
p_70091_5_,z,2
p_70092_1_,x,2
p_70092_3_,y,2
p_70092_5_,z,2
p_70095_1_,sneaking,2
p_70097_1_,source,2
p_70097_2_,amount,2
p_70099_1_,itemStackIn,2
p_70099_2_,offsetY,2
p_70100_1_,entityIn,2
p_70101_1_,yaw,2
p_70101_2_,pitch,2
p_70105_1_,width,2
p_70105_2_,height,2
p_70107_1_,x,2
p_70107_3_,y,2
p_70107_5_,z,2
p_70108_1_,entityIn,2
p_70109_1_,tagCompund,2
p_70112_1_,distance,0
p_70114_1_,entityIn,2
p_70289_1_,other,2
p_70298_1_,index,2
p_70298_2_,count,2
p_70299_1_,index,2
p_70299_2_,stack,2
p_70300_1_,player,2
p_70301_1_,index,2
p_70304_1_,index,2
p_70463_1_,row,2
p_70463_2_,column,2
p_70604_1_,livingBase,2
p_70634_1_,x,2
p_70634_3_,y,2
p_70634_5_,z,2
p_70645_1_,cause,2
p_70938_1_,professionId,2
p_70939_1_,playing,2
p_70947_1_,mating,2
p_70999_2_,updateWorldFlag,2
p_70999_3_,setSpawn,2
p_71007_1_,chestInventory,2
p_71008_1_,stack,2
p_71008_2_,duration,2
p_71010_1_,itemStackIn,2
p_71013_1_,levels,2
p_71019_1_,itemStackIn,2
p_71023_1_,amount,2
p_71027_1_,dimensionId,2
p_71029_1_,achievementIn,2
p_71033_1_,gameType,2
p_71043_1_,ignoreHunger,2
p_71048_1_,bookStack,2
p_71049_1_,oldPlayer,2
p_71049_2_,respawnFromEnd,2
p_71059_1_,targetEntity,2
p_71064_1_,stat,2
p_71064_2_,amount,2
p_71124_1_,slotIn,2
p_71188_1_,allowPvp,2
p_71189_1_,host,1
p_71191_1_,maxBuildHeight,2
p_71192_1_,message,2
p_71194_1_,enable,2
p_71198_1_,msg,1
p_71201_1_,msg,1
p_71204_1_,demo,2
p_71205_1_,motdIn,2
p_71206_1_,type,2
p_71206_2_,allowCheats,2
p_71208_1_,port,1
p_71209_1_,fileName,2
p_71216_1_,message,2
p_71216_2_,percent,2
p_71218_1_,dimension,2
p_71224_1_,owner,2
p_71228_1_,report,2
p_71229_1_,online,2
p_71230_1_,report,2
p_71235_1_,gameMode,2
p_71236_1_,msg,2
p_71237_1_,worldNameIn,2
p_71244_1_,msg,1
p_71245_1_,allow,2
p_71247_3_,seed,2
p_71247_5_,type,2
p_71251_1_,spawnAnimals,2
p_71252_1_,command,1
p_71253_1_,keyPair,2
p_71257_1_,spawnNpcs,2
p_71261_1_,name,2
p_71267_1_,dontLog,2
p_71327_1_,key,1
p_71327_2_,defaultValue,1
p_71328_1_,key,1
p_71328_2_,value,1
p_71330_1_,key,1
p_71330_2_,defaultValue,1
p_71331_1_,input,1
p_71331_2_,sender,1
p_71332_1_,key,1
p_71332_2_,defaultValue,1
p_71351_1_,serverDataIn,0
p_71353_1_,worldClientIn,0
p_71353_2_,loadingMessage,0
p_71354_1_,dimension,0
p_71361_1_,message,0
p_71366_1_,elapsedTicksTime,0
p_71370_1_,width,0
p_71370_2_,height,0
p_71371_1_,folderName,0
p_71371_2_,worldName,0
p_71371_3_,worldSettingsIn,0
p_71377_1_,crashReportIn,0
p_71383_1_,keyCount,0
p_71392_1_,width,0
p_71392_2_,height,0
p_71392_3_,width2,0
p_71392_4_,height2,0
p_71392_5_,stdTextureWidth,0
p_71392_6_,stdTextureHeight,0
p_71396_1_,theCrash,0
p_71403_1_,worldClientIn,0
p_71404_1_,crash,0
p_71499_1_,sectionName,2
p_71499_2_,throwable,2
p_71500_1_,sectionName,2
p_71500_2_,callable,2
p_71506_1_,builder,2
p_71507_1_,sectionName,2
p_71507_2_,value,2
p_71515_1_,sender,2
p_71515_2_,args,2
p_71518_1_,sender,2
p_71519_1_,sender,2
p_71521_0_,sender,2
p_71523_0_,original,2
p_71523_1_,region,2
p_71527_0_,elements,2
p_71529_0_,command,2
p_71530_0_,args,2
p_71530_1_,possibilities,2
p_71556_1_,sender,2
p_71556_2_,command,2
p_71557_1_,sender,2
p_71565_0_,input,2
p_71566_0_,character,2
p_72314_1_,x,2
p_72314_3_,y,2
p_72314_5_,z,2
p_72315_1_,vec,2
p_72316_1_,other,2
p_72317_1_,x,2
p_72317_3_,y,2
p_72317_5_,z,2
p_72318_1_,vec,2
p_72319_1_,vec,2
p_72321_1_,x,2
p_72321_3_,y,2
p_72321_5_,z,2
p_72322_1_,other,2
p_72323_1_,other,2
p_72326_1_,other,2
p_72331_1_,x,2
p_72331_3_,y,2
p_72331_5_,z,2
p_72333_1_,vec,2
p_72354_1_,playerIn,2
p_72354_2_,worldIn,2
p_72355_1_,netManager,2
p_72355_2_,playerIn,2
p_72356_1_,playerIn,2
p_72356_2_,dimension,2
p_72358_1_,playerIn,2
p_72367_1_,playerIn,2
p_72368_1_,playerIn,2
p_72368_2_,dimension,2
p_72368_3_,conqueredEnd,2
p_72371_1_,whitelistEnabled,2
p_72375_1_,playerIn,2
p_72375_2_,worldIn,2
p_72377_1_,playerIn,2
p_72380_1_,playerIn,2
p_72381_3_,worldIn,2
p_72382_1_,address,2
p_72385_1_,playerIn,2
p_72391_1_,playerIn,2
p_72429_1_,vec,2
p_72429_2_,x,2
p_72430_1_,vec,2
p_72431_1_,vec,0
p_72434_1_,vec,2
p_72434_2_,z,2
p_72435_1_,vec,2
p_72435_2_,y,2
p_72436_1_,vec,2
p_72438_1_,vec,2
p_72441_1_,x,2
p_72441_3_,y,2
p_72441_5_,z,2
p_72444_1_,vec,0
p_72593_1_,currentTime,1
p_72601_1_,socket,1
p_72604_1_,socket,1
p_72604_2_,removeFromList,1
p_72605_1_,socket,1
p_72605_2_,removeFromList,1
p_72606_1_,msg,1
p_72607_1_,msg,1
p_72608_1_,socket,1
p_72609_1_,msg,1
p_72610_1_,msg,1
p_72612_1_,logWarning,1
p_72620_1_,data,1
p_72620_2_,requestPacket,1
p_72621_1_,requestPacket,1
p_72622_1_,requestPacket,1
p_72623_1_,exception,1
p_72624_1_,requestPacket,1
p_72625_1_,address,1
p_72627_1_,requestPacket,1
p_72654_3_,message,1
p_72663_0_,input,1
p_72667_1_,data,1
p_72668_1_,data,1
p_72670_1_,data,1
p_72671_1_,data,1
p_72703_1_,entityIn,2
p_72704_1_,soundName,2
p_72704_2_,x,2
p_72704_4_,y,2
p_72704_6_,z,2
p_72704_8_,volume,2
p_72704_9_,pitch,2
p_72709_1_,entityIn,2
p_72732_1_,worldClientIn,0
p_72870_1_,ent,2
p_72877_1_,time,2
p_72890_1_,entityIn,2
p_72890_2_,distance,2
p_72891_1_,hostile,2
p_72891_2_,peaceful,2
p_72894_1_,strength,0
p_72897_1_,entityIn,0
p_72907_1_,entityType,2
p_72908_1_,x,2
p_72908_3_,y,2
p_72908_5_,z,2
p_72908_7_,soundName,2
p_72908_8_,volume,2
p_72908_9_,pitch,2
p_72914_1_,report,2
p_72916_1_,x,2
p_72916_2_,z,2
p_72924_1_,name,2
p_72960_1_,entityIn,2
p_72963_1_,settings,2
p_72964_1_,chunkX,2
p_72964_2_,chunkZ,2
p_72975_1_,x1,2
p_72975_2_,z1,2
p_72975_3_,x2,2
p_72975_4_,z2,2
p_72977_1_,x,2
p_72977_3_,y,2
p_72977_5_,z,2
p_72977_7_,distance,2
p_72980_1_,x,2
p_72980_10_,distanceDelay,2
p_72980_3_,y,2
p_72980_5_,z,2
p_72980_7_,soundName,2
p_72980_8_,volume,2
p_72980_9_,pitch,2
p_73076_1_,type,2
p_73077_1_,type,2
p_73080_1_,serverWorld,2
p_73085_1_,player,2
p_73085_2_,worldIn,2
p_73085_3_,stack,2
p_73107_1_,damage,0
p_73667_1_,key,1
p_73667_2_,value,1
p_73669_1_,key,1
p_73669_2_,defaultValue,1
p_73670_1_,key,1
p_73670_2_,defaultValue,1
p_73671_1_,key,1
p_73671_2_,defaultValue,1
p_73718_1_,progress,2
p_73719_1_,message,2
p_73720_1_,message,2
p_73728_1_,x,0
p_73728_2_,startY,0
p_73728_3_,endY,0
p_73728_4_,color,0
p_73729_1_,x,0
p_73729_2_,y,0
p_73729_3_,textureX,0
p_73729_4_,textureY,0
p_73729_5_,width,0
p_73729_6_,height,0
p_73730_1_,startX,0
p_73730_2_,endX,0
p_73730_3_,y,0
p_73730_4_,color,0
p_73731_1_,fontRendererIn,0
p_73731_2_,text,0
p_73731_3_,x,0
p_73731_4_,y,0
p_73731_5_,color,0
p_73732_1_,fontRendererIn,0
p_73732_2_,text,0
p_73732_3_,x,0
p_73732_4_,y,0
p_73732_5_,color,0
p_73733_1_,left,0
p_73733_2_,top,0
p_73733_3_,right,0
p_73733_4_,bottom,0
p_73733_5_,startColor,0
p_73733_6_,endColor,0
p_73734_0_,left,0
p_73734_1_,top,0
p_73734_2_,right,0
p_73734_3_,bottom,0
p_73734_4_,color,0
p_73863_1_,mouseX,0
p_73863_2_,mouseY,0
p_73863_3_,partialTicks,0
p_73864_1_,mouseX,0
p_73864_2_,mouseY,0
p_73864_3_,mouseButton,0
p_73869_1_,typedChar,0
p_73869_2_,keyCode,0
p_73878_1_,result,0
p_73878_2_,id,0
p_74290_0_,gameDirectory,0
p_74507_0_,keyCode,0
p_74510_0_,keyCode,0
p_74510_1_,pressed,0
p_74734_1_,output,2
p_74742_1_,nbt,2
p_74744_1_,i,2
p_74757_1_,key,2
p_74757_2_,value,2
p_74759_1_,key,2
p_74760_1_,key,2
p_74762_1_,key,2
p_74763_1_,key,2
p_74764_1_,key,2
p_74765_1_,key,2
p_74767_1_,key,2
p_74768_1_,key,2
p_74768_2_,value,2
p_74769_1_,key,2
p_74770_1_,key,2
p_74771_1_,key,2
p_74772_1_,key,2
p_74772_2_,value,2
p_74773_1_,key,2
p_74773_2_,value,2
p_74774_1_,key,2
p_74774_2_,value,2
p_74775_1_,key,2
p_74776_1_,key,2
p_74776_2_,value,2
p_74777_1_,key,2
p_74777_2_,value,2
p_74778_1_,key,2
p_74778_2_,value,2
p_74779_1_,key,2
p_74780_1_,key,2
p_74780_2_,value,2
p_74781_1_,key,2
p_74782_1_,key,2
p_74782_2_,value,2
p_74783_1_,key,2
p_74783_2_,value,2
p_74794_0_,inputStream,2
p_74796_0_,is,2
p_74799_1_,outputStream,2
p_74803_1_,key,2
p_74803_2_,format,2
p_74805_1_,key,2
p_74837_0_,key,2
p_74837_1_,format,2
p_74838_0_,key,2
p_74860_1_,worldIn,2
p_74871_1_,worldIn,2
p_74875_1_,worldIn,2
p_74878_1_,worldIn,2
p_74882_1_,worldIn,2
p_74889_1_,worldIn,2
p_74893_1_,worldIn,2
p_74935_1_,worldIn,2
p_74990_1_,worldIn,2
p_75067_1_,worldIn,2
p_75068_1_,worldIn,2
p_75070_1_,worldIn,2
p_75092_1_,speed,0
p_75114_1_,foodLevelIn,2
p_75118_1_,player,2
p_75119_1_,foodSaturationLevelIn,0
p_75132_1_,listener,2
p_75135_1_,stack,2
p_75135_2_,startIndex,2
p_75135_3_,endIndex,2
p_75135_4_,useEndIndex,2
p_75137_1_,id,0
p_75137_2_,data,0
p_75139_1_,slotId,2
p_75140_1_,playerIn,2
p_75140_2_,id,2
p_75144_1_,slotId,2
p_75144_2_,clickedButton,2
p_75144_3_,mode,2
p_75144_4_,playerIn,2
p_75145_1_,playerIn,2
p_75146_1_,slotIn,2
p_75147_1_,inv,2
p_75147_2_,slotIn,2
p_75209_1_,amount,2
p_75214_1_,stack,2
p_75217_1_,inv,2
p_75217_2_,slotIn,2
p_75230_1_,trade,2
p_75230_2_,firstItem,2
p_75230_3_,secondItem,2
p_75615_1_,worldIn,2
p_75616_1_,worldIn,2
p_75620_1_,worldIn,2
p_75671_1_,watched,2
p_75673_1_,object,2
p_75679_1_,id,2
p_75681_1_,id,2
p_75682_1_,id,2
p_75682_2_,object,2
p_75683_1_,id,2
p_75691_1_,id,2
p_75692_1_,id,2
p_75692_2_,newData,2
p_75693_1_,id,2
p_75815_1_,worldIn,2
p_75815_2_,x,2
p_75815_3_,z,2
p_75816_1_,worldIn,2
p_75816_2_,chunkIn,2
p_75819_1_,worldIn,2
p_75819_2_,chunkIn,2
p_75820_2_,worldIn,2
p_75822_1_,worldIn,2
p_75823_1_,worldIn,2
p_75830_0_,x,2
p_75830_1_,y,2
p_75830_2_,z,2
p_75849_1_,point,2
p_75895_1_,publicKey,2
p_75895_2_,secretKey,2
p_75904_1_,areaX,2
p_75904_2_,areaY,2
p_75904_3_,areaWidth,2
p_75904_4_,areaHeight,2
p_76043_0_,hash,2
p_76043_1_,slotCount,2
p_76044_0_,integer,2
p_76060_1_,type,2
p_76064_1_,nbt,2
p_76064_2_,playerNbt,2
p_76082_1_,nbt,2
p_76091_1_,initializedIn,2
p_76155_0_,originalKey,2
p_76157_0_,integer,2
p_76179_0_,data,2
p_76184_1_,nbt,2
p_76186_1_,isDirty,2
p_76187_1_,nbt,2
p_76271_0_,random,2
p_76271_1_,collection,2
p_76272_0_,collection,2
p_76273_0_,random,2
p_76273_1_,collection,2
p_76318_1_,name,2
p_76320_1_,name,2
p_76337_0_,ticks,0
p_76353_0_,arrow,2
p_76358_0_,mob,2
p_76362_0_,fireball,2
p_76365_0_,player,2
p_76452_1_,other,2
p_76455_1_,entityIn,2
p_76457_1_,entityIn,2
p_76549_0_,worldDir,2
p_76549_1_,chunkX,2
p_76549_2_,chunkZ,2
p_76550_0_,worldDir,2
p_76550_1_,chunkX,2
p_76550_2_,chunkZ,2
p_76552_0_,worldDir,2
p_76552_1_,chunkX,2
p_76552_2_,chunkZ,2
p_76558_1_,worldIn,2
p_76566_1_,x,2
p_76566_2_,z,2
p_76570_0_,dimension,2
p_76581_1_,x,2
p_76581_2_,y,2
p_76581_3_,z,2
p_76581_4_,value,2
p_76582_1_,x,2
p_76582_2_,y,2
p_76582_3_,z,2
p_76595_1_,x,2
p_76595_2_,z,2
p_76599_1_,x,2
p_76599_3_,z,2
p_76600_1_,x,2
p_76600_2_,z,2
p_76602_1_,newStorageArrays,2
p_76609_1_,x,2
p_76609_2_,z,2
p_76609_3_,startY,2
p_76609_4_,endY,2
p_76611_1_,x,2
p_76611_2_,z,2
p_76612_1_,entityIn,2
p_76615_1_,x,2
p_76615_2_,y,2
p_76615_3_,z,2
p_76616_1_,biomeArray,2
p_76617_1_,seed,2
p_76657_1_,x,2
p_76657_2_,y,2
p_76657_3_,z,2
p_76657_4_,value,2
p_76659_1_,newBlocklightArray,2
p_76665_1_,x,2
p_76665_2_,y,2
p_76665_3_,z,2
p_76666_1_,newSkylightArray,2
p_76670_1_,x,2
p_76670_2_,y,2
p_76670_3_,z,2
p_76674_1_,x,2
p_76674_2_,y,2
p_76674_3_,z,2
p_76677_1_,x,2
p_76677_2_,y,2
p_76677_3_,z,2
p_76677_4_,value,2
p_76691_0_,nbt,2
p_77124_1_,enable,2
p_77130_0_,type,2
p_77132_1_,version,2
p_77146_0_,idIn,2
p_77147_1_,capabilities,2
p_77161_0_,id,2
p_77191_0_,worldIn,2
p_77272_0_,x,2
p_77272_1_,z,2
p_77317_1_,enchantmentLevel,2
p_77321_1_,enchantmentLevel,2
p_77569_2_,worldIn,2
p_77596_1_,stack,2
p_77613_1_,stack,2
p_77615_1_,stack,2
p_77615_2_,worldIn,2
p_77615_3_,playerIn,2
p_77615_4_,timeLeft,2
p_77616_1_,stack,2
p_77620_1_,meta,0
p_77621_1_,worldIn,2
p_77621_2_,playerIn,2
p_77621_3_,useLiquids,2
p_77622_1_,stack,2
p_77622_2_,worldIn,2
p_77622_3_,playerIn,2
p_77624_1_,stack,0
p_77624_2_,playerIn,0
p_77624_3_,tooltip,0
p_77624_4_,advanced,0
p_77625_1_,maxStackSize,2
p_77626_1_,stack,2
p_77627_1_,hasSubtypes,2
p_77631_1_,potionEffect,2
p_77636_1_,stack,0
p_77637_1_,tab,2
p_77642_1_,containerItem,2
p_77644_1_,stack,2
p_77644_2_,target,2
p_77644_3_,attacker,2
p_77647_1_,damage,2
p_77653_1_,stack,2
p_77654_1_,stack,2
p_77654_2_,worldIn,2
p_77654_3_,playerIn,2
p_77655_1_,unlocalizedName,2
p_77656_1_,maxDurability,2
p_77657_1_,stack,2
p_77659_1_,itemStackIn,2
p_77659_2_,worldIn,2
p_77659_3_,playerIn,2
p_77661_1_,stack,2
p_77663_1_,stack,2
p_77663_2_,worldIn,2
p_77663_3_,entityIn,2
p_77663_4_,itemSlot,2
p_77663_5_,isSelected,2
p_77667_1_,stack,2
p_77828_0_,nbt,2
p_77831_0_,meta,2
p_77832_1_,stack,2
p_77833_1_,meta,0
p_77834_1_,meta,2
p_77840_0_,worldIn,2
p_77840_1_,entityID,2
p_77840_2_,x,2
p_77840_4_,y,2
p_77840_6_,z,2
p_77844_1_,id,2
p_77844_2_,duration,2
p_77844_3_,amplifier,2
p_77844_4_,probability,2
p_77849_1_,stack,2
p_77849_2_,worldIn,2
p_77849_3_,player,2
p_77872_1_,worldIn,2
p_77872_2_,viewer,2
p_77872_3_,data,2
p_77873_1_,stack,2
p_77873_2_,worldIn,2
p_77915_0_,dataValue,0
p_77915_1_,bypassCache,0
p_77944_0_,stack,2
p_77945_1_,worldIn,2
p_77945_2_,entityIn,2
p_77945_3_,inventorySlot,2
p_77945_4_,isCurrentItem,2
p_77949_0_,nbt,2
p_77950_1_,worldIn,2
p_77950_2_,playerIn,2
p_77955_1_,nbt,2
p_77957_1_,worldIn,2
p_77957_2_,playerIn,2
p_77959_1_,other,2
p_77961_1_,entityIn,2
p_77961_2_,playerIn,2
p_77963_1_,nbt,2
p_77964_1_,meta,2
p_77966_1_,ench,2
p_77966_2_,level,2
p_77969_1_,other,2
p_77970_0_,stackA,2
p_77970_1_,stackB,2
p_77972_1_,amount,2
p_77972_2_,entityIn,2
p_77974_1_,worldIn,2
p_77974_2_,playerIn,2
p_77974_3_,timeLeft,2
p_77979_1_,amount,2
p_77980_1_,worldIn,2
p_77980_2_,playerIn,2
p_77980_3_,amount,2
p_77982_1_,nbt,2
p_77983_1_,key,2
p_77983_2_,value,2
p_77989_0_,stackA,2
p_77989_1_,stackB,2
p_78025_1_,texture,2
p_78044_1_,armorType,2
p_78046_1_,armorType,2
p_78259_1_,str,0
p_78259_2_,wrapWidth,0
p_78268_1_,str,0
p_78268_2_,x,0
p_78268_3_,y,0
p_78268_4_,wrapWidth,0
p_78268_5_,addShadow,0
p_78270_0_,formatChar,0
p_78271_1_,str,0
p_78271_2_,wrapWidth,0
p_78272_0_,colorChar,0
p_78276_1_,text,0
p_78276_2_,x,0
p_78276_3_,y,0
p_78276_4_,color,0
p_78279_1_,str,0
p_78279_2_,x,0
p_78279_3_,y,0
p_78279_4_,wrapWidth,0
p_78279_5_,textColor,0
p_78280_1_,str,0
p_78280_2_,wrapWidth,0
p_78471_1_,partialTicks,0
p_78471_2_,finishNanoTime,0
p_78480_1_,partialTicks,0
p_78717_1_,worldIn,0
p_78745_1_,playerIn,0
p_78752_1_,itemStackIn,0
p_78753_1_,windowId,0
p_78753_2_,slotId,0
p_78753_5_,playerIn,0
p_78761_1_,itemStackIn,0
p_78761_2_,slotId,0
p_78764_1_,playerIn,0
p_78764_2_,targetEntity,0
p_78766_1_,playerIn,0
p_78768_1_,playerIn,0
p_78768_2_,targetEntity,0
p_78769_1_,playerIn,0
p_78769_2_,worldIn,0
p_78769_3_,itemStackIn,0
p_78837_0_,nbtCompound,0
p_78870_1_,worldIn,0
p_82010_1_,tickable,1
p_82142_1_,invisible,2
p_82149_1_,entityIn,2
p_82161_0_,armorSlot,2
p_82161_1_,itemTier,2
p_82169_1_,slotIn,2
p_82227_1_,childZombie,2
p_82229_1_,villager,2
p_82242_1_,levels,2
p_82358_1_,args,2
p_82358_2_,index,2
p_82359_0_,sender,2
p_82359_1_,username,2
p_82448_1_,entityIn,2
p_82482_1_,source,2
p_82482_2_,stack,2
p_82485_1_,source,2
p_82486_0_,worldIn,2
p_82486_1_,stack,2
p_82486_2_,speed,2
p_82486_3_,facing,2
p_82486_4_,position,2
p_82487_1_,source,2
p_82487_2_,stack,2
p_82488_1_,facingIn,2
p_82489_1_,source,2
p_82489_2_,facingIn,2
p_82499_1_,worldIn,2
p_82499_2_,position,2
p_82566_1_,worldIn,2
p_82567_2_,worldIn,2
p_82580_1_,key,2
p_82581_1_,key,2
p_82581_2_,expectedType,2
p_82581_3_,ex,2
p_82600_0_,index,2
p_82685_1_,villageDefender,2
p_82691_1_,worldIn,2
p_82708_1_,id,2
p_82709_1_,id,2
p_82709_2_,type,2
p_82710_1_,id,2
p_82719_1_,nbt,2
p_82721_1_,splashPotion,2
p_82722_0_,nbt,2
p_82734_1_,x,2
p_82734_2_,z,2
p_82750_1_,name,2
p_82757_1_,value,2
p_82764_1_,key,2
p_82764_2_,ruleValue,2
p_82765_1_,name,2
p_82766_1_,name,2
p_82767_1_,name,2
p_82768_1_,nbt,2
p_82787_2_,worldIn,2
p_82789_1_,toRepair,2
p_82789_2_,repair,2
p_82790_1_,stack,0
p_82790_2_,renderPass,0
p_82813_1_,stack,2
p_82813_2_,color,2
p_82814_1_,stack,2
p_82815_1_,stack,2
p_82816_1_,stack,2
p_82817_0_,potionEffects,2
p_82840_1_,playerIn,0
p_82840_2_,advanced,0
p_82841_1_,cost,2
p_82842_1_,frame,2
p_82846_1_,playerIn,2
p_82846_2_,index,2
p_82847_1_,listeners,0
p_82870_1_,playerIn,2
p_82870_2_,stack,2
p_82877_1_,speed,0
p_85029_1_,category,2
p_85030_1_,name,2
p_85030_2_,volume,2
p_85030_3_,pitch,2
p_85031_1_,entityIn,2
p_85055_0_,causeIn,2
p_85055_1_,descriptionIn,2
p_85057_1_,categoryName,2
p_85057_2_,stacktraceLength,2
p_85058_1_,name,2
p_85069_1_,s1,2
p_85069_2_,s2,2
p_85070_1_,amount,2
p_85072_1_,builder,2
p_85073_1_,size,2
p_85074_0_,x,2
p_85074_2_,y,2
p_85074_4_,z,2
p_85102_1_,except,2
p_85102_10_,pitch,2
p_85102_2_,soundName,2
p_85102_3_,x,2
p_85102_5_,y,2
p_85102_7_,z,2
p_85102_9_,volume,2
p_85118_1_,category,2
p_92058_1_,stack,2
p_92088_1_,x,0
p_92088_11_,motionZ,0
p_92088_13_,compund,0
p_92088_3_,y,0
p_92088_5_,z,0
p_92088_7_,motionX,0
p_92088_9_,motionY,0
p_92103_1_,stack,2
p_92110_1_,stack,2
p_92111_1_,data,2
p_92112_1_,rand,2
p_92112_2_,minChance,2
p_92112_3_,maxChance,2
p_92112_4_,weight,2
p_92113_1_,enchantment,0
p_92113_2_,list,0
p_92114_1_,rand,2
p_92115_1_,stack,2
p_92115_2_,enchantment,2
p_92116_2_,enchantmentType,0
p_94041_1_,index,2
p_94041_2_,stack,2
p_94241_1_,worldIn,0
p_94520_1_,key,2
p_94522_0_,key,2
p_94526_0_,inv,2
p_94527_0_,slotIn,2
p_94527_1_,stack,2
p_94527_2_,stackSizeMatters,2
p_94539_0_,explosionIn,2
p_96122_1_,other,2
p_96332_0_,sender,2
p_96332_1_,query,2
p_96333_0_,strings,2
p_96456_1_,scoreboardIn,2
p_96456_2_,playerIn,2
p_96510_1_,name,2
p_96513_1_,playerTeam,2
p_96518_1_,name,2
p_96520_1_,criteria,2
p_96523_1_,playerTeam,2
p_96529_1_,name,2
p_96529_2_,objective,2
p_96534_1_,objective,2
p_96535_1_,name,2
p_96535_2_,criteria,2
p_96538_1_,playerTeam,2
p_96631_1_,amount,2
p_96631_2_,rand,2
p_96660_1_,friendlyFire,2
p_96662_1_,suffix,2
p_96664_1_,name,2
p_96666_1_,prefix,2
p_98034_1_,player,0
p_98035_1_,tagCompund,2
p_98300_1_,friendlyInvisibles,2
p_i1003_1_,mcIn,0
p_i1004_1_,mcIn,0
p_i1005_1_,mcIn,0
p_i1007_1_,mcIn,0
p_i1008_1_,mcIn,0
p_i1009_1_,mcIn,0
p_i1010_1_,mcIn,0
p_i1011_1_,mcIn,0
p_i1012_1_,mcIn,0
p_i1013_1_,mcIn,0
p_i1017_1_,mcIn,0
p_i1020_1_,buttonId,0
p_i1020_2_,x,0
p_i1020_3_,y,0
p_i1020_4_,buttonText,0
p_i1021_1_,stateName,0
p_i1021_2_,id,0
p_i1022_1_,mcIn,0
p_i1040_1_,parentScreen,0
p_i1044_1_,textureManagerInstance,0
p_i1044_2_,skinCacheDirectory,0
p_i1044_3_,sessionService,0
p_i1052_1_,mcIn,0
p_i1052_2_,width,0
p_i1052_3_,height,0
p_i1063_1_,mc,0
p_i1085_1_,selectionListIn,0
p_i1096_3_,sessionTypeIn,0
p_i1098_1_,usernameIn,0
p_i1098_2_,playerIDIn,0
p_i1098_3_,tokenIn,0
p_i1098_4_,sessionTypeIn,0
p_i1099_1_,mcIn,0
p_i1101_1_,mcIn,0
p_i1108_1_,x,2
p_i1108_3_,y,2
p_i1108_5_,z,2
p_i1129_1_,profile,2
p_i1134_1_,profile,2
p_i1135_1_,profile,2
p_i1135_2_,startDate,2
p_i1135_3_,banner,2
p_i1135_4_,endDate,2
p_i1135_5_,banReason,2
p_i1138_1_,bansFile,2
p_i1144_1_,saveFile,2
p_i1159_2_,startDate,2
p_i1159_3_,banner,2
p_i1159_4_,endDate,2
p_i1171_1_,server,2
p_i1171_2_,cacheFile,2
p_i1176_1_,serverWorld,2
p_i1181_2_,mcIn,0
p_i1182_2_,mcIn,0
p_i1184_1_,worldIn,0
p_i1194_1_,mcIn,0
p_i1195_1_,worldIn,0
p_i1196_1_,worldIn,0
p_i1197_1_,worldIn,0
p_i1198_1_,worldIn,0
p_i1201_1_,worldIn,0
p_i1203_1_,worldIn,0
p_i1204_1_,worldIn,0
p_i1205_1_,worldIn,0
p_i1206_1_,message,1
p_i1206_2_,cause,1
p_i1207_1_,message,1
p_i1209_1_,worldIn,0
p_i1210_2_,worldIn,0
p_i1211_1_,worldIn,0
p_i1213_2_,worldIn,0
p_i1214_1_,worldIn,0
p_i1215_1_,worldIn,0
p_i1217_1_,worldIn,0
p_i1219_1_,worldIn,0
p_i1220_1_,worldIn,0
p_i1221_1_,worldIn,0
p_i1227_1_,worldIn,0
p_i1228_1_,worldIn,0
p_i1229_1_,worldIn,0
p_i1230_1_,worldIn,0
p_i1231_1_,worldIn,0
p_i1232_1_,worldIn,0
p_i1233_1_,worldIn,0
p_i1235_1_,worldIn,0
p_i1237_1_,gameSettingsIn,0
p_i1247_1_,mcIn,0
p_i1249_1_,mcIn,0
p_i1317_1_,mcIn,0
p_i1317_2_,folderName,0
p_i1317_3_,worldName,0
p_i1317_4_,settings,0
p_i1348_1_,descriptionIn,2
p_i1348_2_,causeThrowable,2
p_i1352_1_,key,2
p_i1352_2_,value,2
p_i1353_1_,report,2
p_i1353_2_,name,2
p_i1356_1_,report,2
p_i1360_1_,message,2
p_i1360_2_,replacements,2
p_i1361_1_,message,2
p_i1361_2_,replacements,2
p_i1362_1_,message,2
p_i1362_2_,replacements,2
p_i1364_1_,message,2
p_i1364_2_,replacements,2
p_i1366_1_,defaultObjectIn,2
p_i1368_1_,xCoord,2
p_i1368_3_,yCoord,2
p_i1368_5_,zCoord,2
p_i1389_1_,data,2
p_i1490_1_,bansFile,2
p_i1491_1_,input,1
p_i1491_2_,sender,1
p_i1500_1_,server,2
p_i1501_1_,mcServer,2
p_i1503_1_,server,1
p_i1508_1_,workDir,1
p_i1513_1_,worldIn,2
p_i1524_1_,worldIn,2
p_i1530_1_,server,2
p_i1530_2_,networkManagerIn,2
p_i1530_3_,playerIn,2
p_i1533_1_,size,1
p_i1535_2_,requestPacket,1
p_i1537_2_,socket,1
p_i1556_1_,itemWeightIn,2
p_i1558_1_,stack,2
p_i1558_2_,minimumChance,2
p_i1558_3_,maximumChance,2
p_i1558_4_,itemWeightIn,2
p_i1561_1_,title,2
p_i1561_2_,customName,2
p_i1561_3_,slotCount,2
p_i1563_2_,playerStatCollector,2
p_i1563_3_,startTime,2
p_i1564_1_,damageSrcIn,2
p_i1565_1_,fighterIn,2
p_i1566_1_,damageTypeIn,2
p_i1567_2_,damageSourceEntityIn,2
p_i1568_3_,indirectEntityIn,2
p_i1574_1_,id,2
p_i1574_2_,effectDuration,2
p_i1575_1_,id,2
p_i1575_2_,effectDuration,2
p_i1575_3_,effectAmplifier,2
p_i1577_1_,other,2
p_i1578_1_,worldIn,2
p_i1582_1_,worldIn,2
p_i1584_1_,armor,2
p_i1585_1_,worldIn,2
p_i1586_1_,worldIn,2
p_i1587_1_,worldIn,2
p_i1588_1_,worldIn,2
p_i1590_1_,worldIn,2
p_i1592_1_,worldIn,2
p_i1594_1_,worldIn,2
p_i1595_1_,worldIn,2
p_i1599_1_,worldIn,2
p_i1602_1_,worldIn,2
p_i1603_1_,type,2
p_i1603_2_,id,2
p_i1603_3_,object,2
p_i1604_1_,worldIn,2
p_i1630_1_,leapingEntity,2
p_i1671_2_,worldIn,2
p_i1675_1_,worldIn,2
p_i1676_1_,worldIn,2
p_i1678_1_,worldIn,2
p_i1679_1_,worldIn,2
p_i1680_1_,worldIn,2
p_i1681_1_,worldIn,2
p_i1682_1_,worldIn,2
p_i1683_1_,worldIn,2
p_i1685_1_,worldIn,2
p_i1686_1_,worldIn,2
p_i1687_1_,worldIn,2
p_i1688_1_,worldIn,2
p_i1689_1_,worldIn,2
p_i1691_1_,worldIn,2
p_i1692_1_,worldIn,2
p_i1693_1_,worldIn,2
p_i1694_1_,worldIn,2
p_i1695_1_,worldIn,2
p_i1696_1_,worldIn,2
p_i1698_1_,worldIn,2
p_i1699_1_,worldIn,0
p_i1700_1_,worldIn,2
p_i1701_1_,worldIn,2
p_i1702_1_,worldIn,2
p_i1703_1_,worldIn,2
p_i1704_1_,worldIn,2
p_i1705_1_,worldIn,2
p_i1706_1_,worldIn,2
p_i1709_1_,worldIn,2
p_i1709_2_,x,2
p_i1709_4_,y,2
p_i1709_6_,z,2
p_i1710_1_,worldIn,2
p_i1710_2_,x,2
p_i1710_4_,y,2
p_i1710_6_,z,2
p_i1710_8_,stack,2
p_i1711_1_,worldIn,2
p_i1712_1_,worldIn,2
p_i1713_1_,worldIn,2
p_i1714_1_,worldIn,2
p_i1715_1_,worldIn,2
p_i1716_1_,worldIn,2
p_i1717_1_,worldIn,2
p_i1718_1_,worldIn,2
p_i1719_1_,worldIn,2
p_i1720_1_,worldIn,2
p_i1721_1_,worldIn,2
p_i1722_1_,worldIn,2
p_i1723_1_,worldIn,2
p_i1725_1_,worldIn,2
p_i1726_1_,worldIn,2
p_i1727_1_,worldIn,2
p_i1728_1_,worldIn,2
p_i1729_1_,worldIn,2
p_i1730_1_,worldIn,2
p_i1731_1_,worldIn,2
p_i1732_1_,worldIn,2
p_i1733_1_,worldIn,2
p_i1734_1_,worldIn,2
p_i1735_1_,worldIn,2
p_i1736_1_,worldIn,2
p_i1737_1_,worldIn,2
p_i1738_1_,worldIn,2
p_i1739_1_,worldIn,2
p_i1740_1_,worldIn,2
p_i1741_1_,worldIn,2
p_i1742_1_,worldIn,2
p_i1743_1_,worldIn,2
p_i1744_1_,worldIn,2
p_i1745_1_,worldIn,2
p_i1747_1_,worldIn,2
p_i1748_1_,worldIn,2
p_i1748_2_,professionId,2
p_i1750_1_,playerIn,2
p_i1753_1_,worldIn,2
p_i1754_1_,worldIn,2
p_i1755_1_,worldIn,2
p_i1756_1_,worldIn,2
p_i1757_1_,worldIn,2
p_i1758_1_,worldIn,2
p_i1759_1_,worldIn,2
p_i1760_1_,worldIn,2
p_i1761_1_,worldIn,2
p_i1762_1_,worldIn,2
p_i1763_1_,worldIn,2
p_i1764_1_,worldIn,2
p_i1765_1_,worldIn,0
p_i1766_1_,worldIn,2
p_i1767_1_,worldIn,2
p_i1768_1_,worldIn,0
p_i1769_1_,worldIn,2
p_i1770_1_,worldIn,2
p_i1771_1_,worldIn,2
p_i1772_1_,worldIn,2
p_i1773_1_,worldIn,2
p_i1774_1_,worldIn,2
p_i1775_1_,worldIn,2
p_i1776_1_,worldIn,2
p_i1777_1_,worldIn,2
p_i1778_1_,worldIn,2
p_i1779_1_,worldIn,2
p_i1780_1_,worldIn,2
p_i1781_1_,worldIn,2
p_i1783_1_,worldIn,2
p_i1784_1_,worldIn,0
p_i1785_1_,worldIn,2
p_i1786_1_,worldIn,2
p_i1787_1_,worldIn,2
p_i1788_1_,worldIn,2
p_i1789_1_,worldIn,2
p_i1790_1_,worldIn,2
p_i1791_1_,worldIn,0
p_i1792_1_,worldIn,2
p_i1793_1_,worldIn,2
p_i1794_1_,worldIn,2
p_i1795_1_,worldIn,0
p_i1796_1_,inventoryName,2
p_i1796_2_,slotCount,2
p_i1807_2_,width,2
p_i1807_3_,height,2
p_i1819_1_,playerInventory,2
p_i1819_2_,localWorld,2
p_i1819_3_,player,2
p_i1821_1_,playerInventory,2
p_i1821_2_,merchant,2
p_i1821_3_,worldIn,2
p_i1822_1_,player,2
p_i1822_2_,merchant,2
p_i1822_3_,merchantInventory,2
p_i1822_4_,slotIndex,2
p_i1822_5_,xPosition,2
p_i1822_6_,yPosition,2
p_i1824_2_,index,2
p_i1824_3_,xPosition,2
p_i1824_4_,yPosition,2
p_i1826_1_,block,2
p_i1853_1_,index,2
p_i1853_2_,label,2
p_i1874_3_,harvestLevel,2
p_i1874_4_,maxUses,2
p_i1874_5_,efficiency,2
p_i1874_6_,damageVsEntity,2
p_i1874_7_,enchantability,2
p_i1876_1_,blockIn,2
p_i1877_1_,blockIn,2
p_i1877_2_,amount,2
p_i1878_1_,blockIn,2
p_i1878_2_,amount,2
p_i1878_3_,meta,2
p_i1879_1_,itemIn,2
p_i1880_1_,itemIn,2
p_i1880_2_,amount,2
p_i1881_1_,itemIn,2
p_i1881_2_,amount,2
p_i1881_3_,meta,2
p_i1947_1_,x,2
p_i1947_2_,z,2
p_i1952_1_,worldIn,2
p_i1955_1_,msg,2
p_i1956_3_,typeId,2
p_i1956_4_,nameIn,2
p_i1957_1_,seedIn,2
p_i1957_3_,gameType,2
p_i1957_4_,enableMapFeatures,2
p_i1957_5_,hardcoreMode,2
p_i1957_6_,worldTypeIn,2
p_i1958_1_,info,2
p_i1959_1_,id,2
p_i1959_2_,name,2
p_i1960_1_,id,2
p_i1960_2_,name,2
p_i1960_3_,version,2
p_i1963_1_,worldIn,2
p_i1976_1_,worldIn,2
p_i1994_1_,worldIn,2
p_i1994_2_,x,2
p_i1994_3_,z,2
p_i1995_1_,worldIn,2
p_i1995_2_,x,2
p_i1995_3_,z,2
p_i1997_1_,y,2
p_i1997_2_,storeSkylight,2
p_i1998_1_,dataIn,2
p_i1998_2_,depthBitsIn,2
p_i2004_1_,worldIn,2
p_i2007_1_,worldIn,2
p_i2039_1_,worldIn,2
p_i2040_1_,worldIn,2
p_i2060_1_,worldIn,2
p_i2067_1_,worldIn,2
p_i2092_1_,worldIn,2
p_i2112_1_,color,2
p_i2113_1_,color,2
p_i2114_1_,color,2
p_i2116_1_,color,2
p_i2117_1_,index,2
p_i2117_2_,color,2
p_i2118_1_,color,2
p_i2135_1_,x,2
p_i2135_2_,y,2
p_i2135_3_,z,2
p_i2141_1_,name,2
p_i2157_1_,nbt,2
p_i2158_1_,settings,2
p_i2158_2_,name,2
p_i2300_1_,x1,2
p_i2300_11_,z2,2
p_i2300_3_,y1,2
p_i2300_5_,z1,2
p_i2300_7_,x2,2
p_i2300_9_,y2,2
p_i2302_1_,objectType,2
p_i2302_2_,objectID,2
p_i2308_2_,name,2
p_i2311_1_,name,2
p_i2312_1_,name,2
p_i2341_1_,mcIn,0
p_i2350_1_,chestType,0
p_i2362_1_,serverIn,1
p_i2366_1_,server,1
p_i45001_1_,description,0
p_i45001_2_,keyCode,0
p_i45001_3_,category,0
p_i45002_1_,mcIn,0
p_i45010_1_,mcIn,0
p_i45015_1_,mcIn,0
p_i45031_2_,mcIn,0
p_i45049_2_,mcIn,0
p_i45054_1_,mcIn,0
p_i45055_1_,mcIn,0
p_i45056_1_,mcIn,0
p_i45059_2_,mcIn,0
p_i45062_1_,mcIn,0
p_i45073_1_,worldIn,0
p_i45074_1_,worldIn,0
p_i45075_1_,worldIn,0
p_i45076_1_,mcIn,0
p_i45087_1_,resourceManager,0
p_i45087_2_,programName,0
p_i45091_1_,type,0
p_i45091_2_,shaderId,0
p_i45091_3_,filename,0
p_i45092_1_,name,0
p_i45092_2_,type,0
p_i45092_3_,count,0
p_i45092_4_,manager,0
p_i45103_1_,soundResource,0
p_i45104_1_,location,0
p_i45106_2_,minecart,0
p_i45107_1_,soundResource,0
p_i45107_2_,volume,0
p_i45107_3_,pitch,0
p_i45107_4_,xPosition,0
p_i45107_5_,yPosition,0
p_i45107_6_,zPosition,0
p_i45108_1_,soundResource,0
p_i45108_2_,volume,0
p_i45108_3_,pitch,0
p_i45108_4_,repeat,0
p_i45108_5_,repeatDelay,0
p_i45108_6_,attenuationType,0
p_i45108_7_,xPosition,0
p_i45108_8_,yPosition,0
p_i45108_9_,zPosition,0
p_i45111_3_,location,0
p_i45112_1_,mcIn,0
p_i45120_1_,soundLocation,0
p_i45120_2_,pitch,0
p_i45120_4_,volume,0
p_i45120_6_,category,0
p_i45122_1_,manager,0
p_i45123_1_,entry,0
p_i45123_2_,weight,0
p_i45128_1_,data,2
p_i45129_1_,data,2
p_i45130_1_,data,2
p_i45131_1_,data,2
p_i45133_1_,data,2
p_i45134_1_,data,2
p_i45135_1_,data,2
p_i45140_1_,cipherIn,2
p_i45141_1_,cipher,2
p_i45142_1_,cipher,2
p_i45146_1_,inPacket,2
p_i45146_2_,inFutureListeners,2
p_i45152_3_,protocolId,2
p_i45154_1_,wrapped,2
p_i45159_1_,msg,2
p_i45160_1_,translationKey,2
p_i45160_2_,args,2
p_i45161_1_,component,2
p_i45161_2_,message,2
p_i45162_1_,component,2
p_i45162_2_,index,2
p_i45163_1_,component,2
p_i45163_2_,cause,2
p_i45172_1_,ent,2
p_i45172_2_,animationType,2
p_i45179_1_,component,2
p_i45194_1_,stateIn,2
p_i45208_1_,capabilities,2
p_i45223_1_,healthIn,2
p_i45223_2_,foodLevelIn,2
p_i45223_3_,saturationIn,2
p_i45228_1_,nameIn,2
p_i45239_1_,msg,2
p_i45240_1_,messageIn,2
p_i45242_1_,statusIn,2
p_i45244_1_,windowId,0
p_i45244_2_,uid,0
p_i45244_3_,accepted,0
p_i45245_1_,windowId,0
p_i45245_2_,button,0
p_i45246_1_,windowId,0
p_i45246_2_,slotId,0
p_i45246_3_,usedButton,0
p_i45246_4_,mode,0
p_i45246_5_,clickedItem,0
p_i45246_6_,actionNumber,0
p_i45247_1_,windowId,0
p_i45251_1_,entity,0
p_i45251_2_,action,0
p_i45252_1_,key,0
p_i45257_1_,capabilities,2
p_i45261_1_,strafeSpeed,0
p_i45261_2_,forwardSpeed,0
p_i45261_3_,jumping,0
p_i45261_4_,sneaking,0
p_i45262_1_,slotId,0
p_i45266_1_,version,0
p_i45266_2_,ip,0
p_i45266_3_,port,0
p_i45266_4_,requestedState,0
p_i45267_1_,profileIn,2
p_i45268_1_,serverId,2
p_i45268_2_,key,2
p_i45269_1_,reasonIn,2
p_i45270_1_,profileIn,2
p_i45271_1_,secretKey,0
p_i45271_2_,publicKey,0
p_i45272_1_,time,2
p_i45273_1_,responseIn,2
p_i45274_1_,maxOnlinePlayers,2
p_i45274_2_,onlinePlayers,2
p_i45275_1_,nameIn,2
p_i45275_2_,protocolIn,2
p_i45276_1_,ping,0
p_i45281_1_,workDir,1
p_i45281_2_,proxy,1
p_i45285_1_,server,2
p_i45285_2_,worldIn,2
p_i45285_3_,profile,2
p_i45285_4_,interactionManager,2
p_i45286_1_,networkSystemIn,2
p_i45292_1_,server,2
p_i45295_1_,serverIn,2
p_i45295_2_,netManager,2
p_i45299_1_,serverIn,2
p_i45299_2_,netManager,2
p_i45300_2_,threadName,1
p_i45301_3_,column,2
p_i45301_4_,row,2
p_i45302_3_,column,2
p_i45302_4_,row,2
p_i45311_3_,minimumChance,2
p_i45311_4_,maximumChance,2
p_i45311_5_,itemWeightIn,2
p_i45313_1_,owner,2
p_i45317_1_,returnStackIn,2
p_i45317_2_,itemWeightIn,2
p_i45321_1_,worldIn,2
p_i45322_1_,worldIn,2
p_i45323_3_,id,2
p_i45323_4_,resourceKey,2
p_i45324_1_,worldIn,2
p_i45325_1_,material,2
p_i45325_2_,renderIndex,2
p_i45325_3_,armorType,2
p_i45327_1_,material,2
p_i45328_1_,block,2
p_i45329_1_,block,2
p_i45330_1_,healAmount,2
p_i45331_1_,containedBlock,2
p_i45332_1_,block,2
p_i45332_2_,hasSubtypes,2
p_i45333_1_,attackDamage,2
p_i45333_2_,material,2
p_i45333_3_,effectiveBlocks,2
p_i45336_3_,meta,2
p_i45336_4_,unlocalizedName,2
p_i45336_5_,uncookedHeal,2
p_i45336_6_,uncookedSaturation,2
p_i45336_7_,cookedHeal,2
p_i45336_8_,cookedSaturation,2
p_i45337_3_,meta,2
p_i45337_4_,unlocalizedName,2
p_i45337_5_,uncookedHeal,2
p_i45337_6_,uncookedSaturation,2
p_i45338_1_,cooked,2
p_i45339_1_,amount,2
p_i45339_2_,saturation,2
p_i45339_3_,isWolfFood,2
p_i45340_1_,amount,2
p_i45340_2_,isWolfFood,2
p_i45341_1_,amount,2
p_i45341_2_,saturation,2
p_i45341_3_,isWolfFood,2
p_i45342_1_,entityClass,2
p_i45343_1_,material,2
p_i45344_1_,block,2
p_i45346_1_,block,2
p_i45346_2_,block2,2
p_i45346_3_,namesByMeta,2
p_i45347_1_,material,2
p_i45348_1_,block,2
p_i45349_3_,color,2
p_i45349_4_,name,2
p_i45350_1_,name,2
p_i45351_1_,healAmount,2
p_i45351_2_,saturation,2
p_i45351_3_,crops,2
p_i45351_4_,soil,2
p_i45352_1_,crops,2
p_i45352_2_,soil,2
p_i45353_1_,material,2
p_i45356_1_,material,2
p_i45357_1_,block,2
p_i45358_1_,block,2
p_i45366_1_,worldIn,2
p_i45367_1_,worldIn,2
p_i45386_1_,materialIn,2
p_i45389_1_,isPowered,2
p_i45393_1_,name,2
p_i45393_2_,volume,2
p_i45393_3_,frequency,2
p_i45394_1_,materialIn,2
p_i45395_1_,materialIn,2
p_i45396_1_,wooden,2
p_i45397_1_,type,2
p_i45398_1_,materialIn,2
p_i45399_1_,powered,2
p_i45400_1_,powered,2
p_i45401_1_,materialIn,2
p_i45402_1_,materialIn,2
p_i45403_1_,materialIn,2
p_i45404_1_,materialIn,2
p_i45405_1_,materialIn,2
p_i45407_1_,isBurning,2
p_i45409_1_,materialIn,2
p_i45413_1_,materialIn,2
p_i45414_1_,mapColorIn,2
p_i45420_1_,isOn,2
p_i45421_1_,isOn,2
p_i45423_1_,isOn,2
p_i45424_1_,powered,2
p_i45425_1_,materialIn,2
p_i45429_1_,materialIn,2
p_i45430_1_,crop,2
p_i45433_1_,materialIn,2
p_i45433_2_,fancyGraphics,2
p_i45434_1_,materialIn,2
p_i45435_1_,modelBlock,2
p_i45442_1_,potItem,2
p_i45442_2_,potData,2
p_i45443_1_,isSticky,2
p_i45499_2_,mcIn,0
p_i45500_3_,worldIn,0
p_i45502_2_,worldIn,0
p_i45504_2_,worldIn,0
p_i45505_2_,worldIn,0
p_i45508_2_,worldIn,0
p_i45509_2_,mcIn,0
p_i45510_2_,mcIn,0
p_i45511_2_,mcIn,0
p_i45512_2_,mcIn,0
p_i45513_2_,mcIn,0
p_i45517_2_,mcIn,0
p_i45519_2_,mcIn,0
p_i45527_1_,mcIn,0
p_i45529_1_,mcIn,0
p_i45536_1_,mcIn,0
p_i45543_1_,mc,0
p_i45545_1_,mcIn,0
p_i45546_1_,mcIn,0
p_i45554_1_,pos1,2
p_i45554_2_,pos2,2
p_i45607_1_,worldIn,2
p_i45636_1_,worldIn,2
p_i45637_1_,worldIn,2
p_i45638_1_,worldIn,2
p_i45645_1_,worldIn,2
p_i45645_2_,primer,2
p_i45645_3_,x,2
p_i45645_4_,z,2
p_i45646_1_,storageArray,2
p_i45647_3_,id,2
p_i45648_1_,name,2
p_i45648_2_,min,2
p_i45648_3_,max,2
p_i45649_1_,name,2
p_i45649_2_,valueClass,2
p_i45649_3_,allowedValues,2
p_i45650_1_,name,2
p_i45650_2_,values,2
p_i45651_1_,name,2
p_i45652_1_,name,2
p_i45652_2_,valueClass,2
p_i45654_1_,blockType,2
p_i45656_1_,worldIn,2
p_i45659_1_,worldIn,2
p_i45659_2_,posIn,2
p_i45660_1_,blockIn,2
p_i45660_2_,propertiesIn,2
p_i45663_1_,blockIn,2
p_i45663_2_,properties,2
p_i45664_1_,worldIn,2
p_i45664_2_,posIn,2
p_i45664_3_,pistonFacing,2
p_i45664_4_,extending,2
p_i45665_1_,pistonStateIn,2
p_i45665_2_,pistonFacingIn,2
p_i45665_3_,extendingIn,2
p_i45665_4_,shouldHeadBeRenderedIn,2
p_i45666_3_,name,2
p_i45673_3_,meta,2
p_i45673_4_,name,2
p_i45673_5_,unlocalizedName,2
p_i45674_3_,name,2
p_i45675_1_,materialIn,2
p_i45675_2_,canDrop,2
p_i45676_3_,meta,2
p_i45676_4_,name,2
p_i45677_3_,meta,2
p_i45677_4_,name,2
p_i45678_3_,meta,2
p_i45678_4_,name,2
p_i45678_5_,unlocalizedName,2
p_i45679_3_,meta,2
p_i45679_4_,name,2
p_i45679_5_,unlocalizedName,2
p_i45680_3_,meta,2
p_i45680_4_,name,2
p_i45681_3_,meta,2
p_i45681_4_,name,2
p_i45681_5_,unlocalizedName,2
p_i45682_3_,name,2
p_i45683_3_,name,2
p_i45684_1_,modelState,2
p_i45685_1_,materialIn,2
p_i45686_1_,enumName,2
p_i45686_2_,unused,2
p_i45686_3_,meta,2
p_i45686_4_,name,2
p_i45686_5_,unlocalizedName,2
p_i45687_3_,meta,2
p_i45687_4_,name,2
p_i45687_5_,unlocalizedName,2
p_i45687_6_,mapColor,2
p_i45688_1_,pos,2
p_i45688_2_,time,2
p_i45689_3_,name,2
p_i45690_3_,meta,2
p_i45690_4_,name,2
p_i45690_5_,unlocalizedName,2
p_i45691_3_,meta,2
p_i45691_4_,name,2
p_i45691_5_,unlocalizedName,2
p_i45692_3_,meta,2
p_i45692_4_,name,2
p_i45692_5_,unlocalizedName,2
p_i45694_1_,worldIn,2
p_i45695_3_,meta,2
p_i45695_4_,name,2
p_i45696_3_,meta,2
p_i45696_4_,name,2
p_i45696_5_,unlocalizedName,2
p_i45697_3_,meta,2
p_i45697_4_,name,2
p_i45704_3_,meta,2
p_i45704_4_,name,2
p_i45705_3_,meta,2
p_i45705_4_,name,2
p_i45705_5_,unlocalizedName,2
p_i45706_3_,meta,2
p_i45706_4_,name,2
p_i45706_5_,dummy,2
p_i45707_3_,meta,2
p_i45707_4_,name,2
p_i45707_5_,unlocalizedName,2
p_i45707_6_,dummy,2
p_i45708_3_,name,2
p_i45709_3_,meta,2
p_i45709_4_,name,2
p_i45709_5_,facing,2
p_i45710_3_,meta,2
p_i45710_4_,name,2
p_i45711_1_,materialIn,2
p_i45711_2_,smallBlock,2
p_i45712_1_,materialIn,2
p_i45712_2_,ignoreSimilarityIn,2
p_i45713_3_,name,2
p_i45714_1_,materialIn,2
p_i45715_3_,name,2
p_i45718_3_,blockType,2
p_i45718_4_,meta,2
p_i45718_5_,name,2
p_i45719_3_,blockType,2
p_i45719_4_,meta,2
p_i45719_5_,name,2
p_i45719_6_,unlocalizedName,2
p_i45721_1_,materialIn,2
p_i45722_3_,meta,2
p_i45722_4_,name,2
p_i45723_3_,meta,2
p_i45723_4_,name,2
p_i45723_5_,unlocalizedName,2
p_i45724_1_,name,2
p_i45727_3_,metadata,2
p_i45727_4_,name,2
p_i45728_3_,metadata,2
p_i45728_4_,name,2
p_i45728_5_,unlocalizedName,2
p_i45729_1_,inverted,2
p_i45730_1_,worldIn,2
p_i45730_2_,pos,2
p_i45731_3_,name,2
p_i45735_3_,name,2
p_i45737_1_,worldIn,2
p_i45738_3_,meta,2
p_i45738_4_,name,2
p_i45739_2_,worldIn,2
p_i45739_3_,pos,2
p_i45739_4_,state,2
p_i45740_1_,materialIn,2
p_i45741_1_,worldIn,2
p_i45741_2_,pos,2
p_i45746_1_,worldIn,2
p_i45748_1_,worldIn,2
p_i45749_1_,saveHandlerIn,2
p_i45749_2_,info,2
p_i45749_3_,providerIn,2
p_i45749_4_,profilerIn,2
p_i45749_5_,client,2
p_i45751_1_,value,2
p_i45751_2_,type,2
p_i45752_1_,worldIn,0
p_i45753_1_,worldIn,0
p_i45754_1_,worldIn,2
p_i45755_3_,layerNameIn,0
p_i45781_1_,block,2
p_i45782_1_,block,2
p_i45782_2_,singleSlab,2
p_i45782_3_,doubleSlab,2
p_i45784_1_,block,2
p_i45784_2_,block2,2
p_i45784_3_,nameFunction,2
p_i45785_1_,type,2
p_i45786_3_,meta,2
p_i45786_4_,dyeDamage,2
p_i45786_5_,name,2
p_i45786_6_,unlocalizedName,2
p_i45786_7_,mapColorIn,2
p_i45786_8_,chatColor,2
p_i45787_1_,block,2
p_i45787_2_,block2,2
p_i45787_3_,nameFunction,2
p_i45788_1_,block,2
p_i45789_3_,name,2
p_i45789_5_,reductionAmounts,2
p_i45789_6_,enchantability,2
p_i45790_1_,player,2
p_i45790_2_,craftingInventory,2
p_i45790_4_,slotIndex,2
p_i45790_5_,xPosition,2
p_i45790_6_,yPosition,2
p_i45791_1_,playerInventory,2
p_i45791_2_,horseInventoryIn,2
p_i45791_3_,horse,2
p_i45791_4_,player,2
p_i45792_1_,playerInventory,2
p_i45792_2_,hopperInventoryIn,2
p_i45792_3_,player,2
p_i45793_1_,player,2
p_i45793_3_,slotIndex,2
p_i45793_4_,xPosition,2
p_i45793_5_,yPosition,2
p_i45794_2_,furnaceInventory,2
p_i45795_2_,slotIndex,2
p_i45795_3_,xPosition,2
p_i45795_4_,yPosition,2
p_i45797_1_,playerInv,0
p_i45797_2_,worldIn,0
p_i45798_1_,playerInv,2
p_i45798_2_,worldIn,2
p_i45798_3_,pos,2
p_i45799_1_,playerInventory,2
p_i45799_2_,dispenserInventoryIn,2
p_i45800_1_,playerInventory,2
p_i45800_2_,worldIn,2
p_i45801_1_,playerInventory,2
p_i45801_2_,chestInventory,2
p_i45801_3_,player,2
p_i45802_1_,playerInventory,2
p_i45805_6_,worldIn,2
p_i45806_1_,playerInventory,0
p_i45806_2_,worldIn,0
p_i45806_3_,player,0
p_i45807_1_,playerInventory,2
p_i45807_2_,worldIn,2
p_i45807_4_,player,2
p_i45835_1_,worldIn,2
p_i45840_1_,worldIn,2
p_i45847_3_,networkID,2
p_i45847_4_,name,2
p_i45848_1_,worldIn,2
p_i45849_1_,worldIn,2
p_i45850_1_,worldIn,0
p_i45851_1_,worldIn,2
p_i45852_1_,worldIn,2
p_i45853_1_,worldIn,2
p_i45854_1_,worldIn,2
p_i45855_1_,worldIn,2
p_i45869_1_,worldIn,2
p_i45873_2_,worldIn,2
p_i45874_2_,worldIn,2
p_i45875_2_,worldIn,2
p_i45896_1_,id,2
p_i45896_2_,effectDuration,2
p_i45896_3_,effectAmplifier,2
p_i45896_4_,ambient,2
p_i45896_5_,showParticles,2
p_i45921_1_,server,2
p_i45921_2_,saveHandlerIn,2
p_i45921_3_,info,2
p_i45921_4_,dimensionId,2
p_i45921_5_,profilerIn,2
p_i45923_1_,server,2
p_i45923_2_,saveHandlerIn,2
p_i45923_3_,dimensionId,2
p_i45923_4_,delegate,2
p_i45923_5_,profilerIn,2
p_i45924_1_,server,2
p_i45924_2_,saveHandlerIn,2
p_i45924_3_,worldInfoIn,2
p_i45924_4_,dimensionId,2
p_i45924_5_,profilerIn,2
p_i45927_1_,domainIn,2
p_i45927_2_,outStream,2
p_i45928_2_,resourcePathIn,2
p_i45932_1_,id,2
p_i45933_1_,pos,0
p_i45933_2_,lines,0
p_i45937_1_,entity,0
p_i45937_2_,action,0
p_i45938_1_,entity,0
p_i45938_2_,action,0
p_i45938_3_,auxData,0
p_i45940_1_,statusIn,0
p_i45940_2_,posIn,0
p_i45940_3_,facingIn,0
p_i45944_1_,entity,0
p_i45944_2_,hitVec,0
p_i45948_1_,msg,2
p_i45948_2_,target,2
p_i45951_1_,worldIn,2
p_i45958_1_,scoreIn,2
p_i45959_1_,nameIn,2
p_i45959_2_,objectiveIn,2
p_i45963_1_,url,2
p_i45963_2_,hash,2
p_i45980_1_,channelName,2
p_i45980_2_,dataIn,2
p_i45988_1_,worldIn,2
p_i45991_1_,breakerId,2
p_i45991_2_,pos,2
p_i45991_3_,progress,2
p_i45998_1_,direction,2
p_i45999_1_,direction,2
p_i46004_1_,packetDirection,2
p_i46005_1_,treshold,2
p_i46006_1_,treshold,2
p_i46007_1_,xIn,2
p_i46007_2_,yIn,2
p_i46007_3_,zIn,2
p_i46008_1_,xIn,2
p_i46008_3_,yIn,2
p_i46008_5_,zIn,2
p_i46009_1_,x,2
p_i46009_2_,y,2
p_i46009_3_,z,2
p_i46010_1_,nbt,2
p_i46011_3_,particleNameIn,2
p_i46011_4_,particleIDIn,2
p_i46012_3_,particleNameIn,2
p_i46012_4_,particleIDIn,2
p_i46014_3_,offset,2
p_i46014_4_,description,2
p_i46015_3_,name,2
p_i46015_4_,plane,2
p_i46016_3_,indexIn,2
p_i46016_4_,oppositeIn,2
p_i46016_5_,horizontalIndexIn,2
p_i46016_6_,nameIn,2
p_i46016_7_,axisDirectionIn,2
p_i46016_8_,axisIn,2
p_i46016_9_,directionVecIn,2
p_i46018_1_,clazz,2
p_i46018_2_,iterables,2
p_i46020_1_,clazz,2
p_i46020_2_,iterables,2
p_i46023_1_,worldIn,2
p_i46024_1_,x_,2
p_i46024_2_,y_,2
p_i46024_3_,z_,2
p_i46030_1_,x,2
p_i46030_2_,y,2
p_i46030_3_,z,2
p_i46031_1_,x,2
p_i46031_3_,y,2
p_i46031_5_,z,2
p_i46032_1_,source,2
p_i46033_1_,source,2
p_i46034_1_,source,2
p_i46054_1_,workDir,2
p_i46054_2_,proxy,2
p_i46054_3_,profileCacheDir,2
p_i46057_1_,mcIn,0
p_i46070_1_,mcIn,0
p_i46071_1_,guardian,0
p_i46082_1_,textures,0
p_i46092_2_,mcIn,0
p_i46197_1_,worldIn,0
p_i46197_2_,renderGlobalIn,0
p_i46197_3_,blockPosIn,0
p_i46197_4_,indexIn,0
p_i46198_1_,worldIn,0
p_i46245_1_,manager,0
p_i46246_1_,worldIn,0
p_i46246_2_,renderDistanceChunks,0
p_i46273_1_,worldIn,0
p_i46278_1_,mcIn,0
p_i46278_2_,worldIn,0
p_i46279_1_,worldIn,0
p_i46280_1_,worldIn,0
p_i46281_1_,worldIn,0
p_i46283_1_,worldIn,0
p_i46284_1_,worldIn,0
p_i46285_1_,worldIn,0
p_i46286_1_,worldIn,0
p_i46291_4_,formattingCodeIn,2
p_i46292_4_,formattingCodeIn,2
p_i46292_5_,fancyStylingIn,2
p_i46293_4_,formattingCodeIn,2
p_i46293_5_,fancyStylingIn,2
p_i46300_1_,mcIn,0
p_i46310_1_,server,1
p_i46314_1_,mc,0
p_i46322_1_,mcIn,0
p_i46323_1_,buttonId,0
p_i46323_2_,x,0
p_i46323_3_,y,0
p_i46323_4_,widthIn,0
p_i46323_5_,heightIn,0
p_i46323_6_,buttonText,0
p_i46324_1_,mcIn,0
p_i46325_1_,mcIn,0
p_i46326_1_,mcIn,0
p_i46327_3_,column,2
p_i46327_4_,row,2
p_i46328_1_,profile,2
p_i46334_2_,startDate,2
p_i46334_3_,banner,2
p_i46334_4_,endDate,2
p_i46334_5_,banReason,2
p_i46336_1_,reasonIn,2
p_i46342_1_,max,2
p_i46347_1_,worldIn,0
p_i46348_1_,worldIn,0
p_i46349_1_,worldIn,0
p_i46350_1_,worldIn,0
p_i46351_1_,worldIn,0
p_i46352_1_,worldIn,0
p_i46353_1_,worldIn,0
p_i46354_1_,worldIn,0
p_i46355_1_,worldIn,0
p_i46356_1_,worldIn,0
p_i46357_1_,worldIn,0
p_i46372_1_,propertiesFile,1
p_i46373_1_,eulaFile,1
